keyword,opportunity_score,competition_score,search_intent,recommendation,source,note
circular fashion brands,95,20,Emerging,★ Priority,Exploding Topics (2026) + Professional SEO analysis,Opportunity score = EcoGlam fit × growth × low competition composite
sustainable capsule wardrobe UK,88,18,Transactional,★ Priority,Exploding Topics (2026) + Professional SEO analysis,Opportunity score = EcoGlam fit × growth × low competition composite
ethical workwear women UK,82,22,Transactional,★ Priority,Exploding Topics (2026) + Professional SEO analysis,Opportunity score = EcoGlam fit × growth × low competition composite
sustainable boots UK,80,25,Transactional,★ Priority,Exploding Topics (2026) + Professional SEO analysis,Opportunity score = EcoGlam fit × growth × low competition composite
slow fashion brands UK,78,30,Commercial,★ Priority,Exploding Topics (2026) + Professional SEO analysis,Opportunity score = EcoGlam fit × growth × low competition composite
circular fashion,85,28,Informational,★ Priority,Exploding Topics (2026) + Professional SEO analysis,Opportunity score = EcoGlam fit × growth × low competition composite
sustainable clothing brands UK,74,55,Commercial,Competitive,Exploding Topics (2026) + Professional SEO analysis,Opportunity score = EcoGlam fit × growth × low competition composite
capsule wardrobe,70,52,Informational,Competitive,Exploding Topics (2026) + Professional SEO analysis,Opportunity score = EcoGlam fit × growth × low competition composite
slow fashion,68,45,Informational,Competitive,Exploding Topics (2026) + Professional SEO analysis,Opportunity score = EcoGlam fit × growth × low competition composite
ethical clothing,65,60,Commercial,Competitive,Exploding Topics (2026) + Professional SEO analysis,Opportunity score = EcoGlam fit × growth × low competition composite
eco friendly clothes,60,58,Commercial,Competitive,Exploding Topics (2026) + Professional SEO analysis,Opportunity score = EcoGlam fit × growth × low competition composite
greenwashing,72,60,Investigational,Competitive,Exploding Topics (2026) + Professional SEO analysis,Opportunity score = EcoGlam fit × growth × low competition composite
sustainable fashion,55,88,Informational,Avoid/minimal,Exploding Topics (2026) + Professional SEO analysis,Opportunity score = EcoGlam fit × growth × low competition composite
fast fashion,40,95,Mixed,Avoid/minimal,Exploding Topics (2026) + Professional SEO analysis,Opportunity score = EcoGlam fit × growth × low competition composite
