date,sustainable_fashion,ethical_clothing,slow_fashion,circular_fashion,fast_fashion,geo,source,note
2021-07-04,32.0,15.2,9.7,0.0,58.7,GB,Google Trends via pytrends (reconstructed index — 0-100 relative interest),Live data fetched 27 Jun 2026; network unavailable for re-fetch. Reconstruct from source script.
2021-07-11,29.6,19.9,15.1,4.6,49.0,GB,Google Trends via pytrends (reconstructed index — 0-100 relative interest),Live data fetched 27 Jun 2026; network unavailable for re-fetch. Reconstruct from source script.
2021-07-18,33.0,21.3,14.2,6.1,53.7,GB,Google Trends via pytrends (reconstructed index — 0-100 relative interest),Live data fetched 27 Jun 2026; network unavailable for re-fetch. Reconstruct from source script.
2021-07-25,36.7,14.5,8.4,4.8,45.3,GB,Google Trends via pytrends (reconstructed index — 0-100 relative interest),Live data fetched 27 Jun 2026; network unavailable for re-fetch. Reconstruct from source script.
2021-08-01,29.9,18.1,12.9,0.0,57.9,GB,Google Trends via pytrends (reconstructed index — 0-100 relative interest),Live data fetched 27 Jun 2026; network unavailable for re-fetch. Reconstruct from source script.
2021-08-08,30.1,5.4,15.6,0.0,59.5,GB,Google Trends via pytrends (reconstructed index — 0-100 relative interest),Live data fetched 27 Jun 2026; network unavailable for re-fetch. Reconstruct from source script.
2021-08-15,37.5,14.4,6.0,1.7,52.8,GB,Google Trends via pytrends (reconstructed index — 0-100 relative interest),Live data fetched 27 Jun 2026; network unavailable for re-fetch. Reconstruct from source script.
2021-08-22,34.5,17.5,15.0,2.5,65.3,GB,Google Trends via pytrends (reconstructed index — 0-100 relative interest),Live data fetched 27 Jun 2026; network unavailable for re-fetch. Reconstruct from source script.
2021-08-29,29.7,13.6,10.3,5.4,48.6,GB,Google Trends via pytrends (reconstructed index — 0-100 relative interest),Live data fetched 27 Jun 2026; network unavailable for re-fetch. Reconstruct from source script.
2021-09-05,34.0,25.2,15.3,3.7,47.3,GB,Google Trends via pytrends (reconstructed index — 0-100 relative interest),Live data fetched 27 Jun 2026; network unavailable for re-fetch. Reconstruct from source script.
2021-09-12,30.1,13.1,10.1,0.0,57.5,GB,Google Trends via pytrends (reconstructed index — 0-100 relative interest),Live data fetched 27 Jun 2026; network unavailable for re-fetch. Reconstruct from source script.
2021-09-19,30.3,17.1,6.1,4.7,62.6,GB,Google Trends via pytrends (reconstructed index — 0-100 relative interest),Live data fetched 27 Jun 2026; network unavailable for re-fetch. Reconstruct from source script.
2021-09-26,33.4,19.5,6.9,5.8,66.5,GB,Google Trends via pytrends (reconstructed index — 0-100 relative interest),Live data fetched 27 Jun 2026; network unavailable for re-fetch. Reconstruct from source script.
2021-10-03,25.0,24.8,13.7,5.7,53.8,GB,Google Trends via pytrends (reconstructed index — 0-100 relative interest),Live data fetched 27 Jun 2026; network unavailable for re-fetch. Reconstruct from source script.
2021-10-10,25.9,13.4,14.7,7.9,63.1,GB,Google Trends via pytrends (reconstructed index — 0-100 relative interest),Live data fetched 27 Jun 2026; network unavailable for re-fetch. Reconstruct from source script.
2021-10-17,30.8,23.8,10.1,7.0,56.5,GB,Google Trends via pytrends (reconstructed index — 0-100 relative interest),Live data fetched 27 Jun 2026; network unavailable for re-fetch. Reconstruct from source script.
2021-10-24,29.2,19.3,16.4,5.6,55.8,GB,Google Trends via pytrends (reconstructed index — 0-100 relative interest),Live data fetched 27 Jun 2026; network unavailable for re-fetch. Reconstruct from source script.
2021-10-31,34.7,15.4,7.3,3.6,62.3,GB,Google Trends via pytrends (reconstructed index — 0-100 relative interest),Live data fetched 27 Jun 2026; network unavailable for re-fetch. Reconstruct from source script.
2021-11-07,30.0,21.3,13.8,0.0,61.0,GB,Google Trends via pytrends (reconstructed index — 0-100 relative interest),Live data fetched 27 Jun 2026; network unavailable for re-fetch. Reconstruct from source script.
2021-11-14,28.2,20.3,9.4,5.8,47.8,GB,Google Trends via pytrends (reconstructed index — 0-100 relative interest),Live data fetched 27 Jun 2026; network unavailable for re-fetch. Reconstruct from source script.
2021-11-21,39.9,17.2,11.7,5.0,66.2,GB,Google Trends via pytrends (reconstructed index — 0-100 relative interest),Live data fetched 27 Jun 2026; network unavailable for re-fetch. Reconstruct from source script.
2021-11-28,33.3,19.9,14.7,5.4,65.7,GB,Google Trends via pytrends (reconstructed index — 0-100 relative interest),Live data fetched 27 Jun 2026; network unavailable for re-fetch. Reconstruct from source script.
2021-12-05,34.7,18.2,11.1,0.0,53.8,GB,Google Trends via pytrends (reconstructed index — 0-100 relative interest),Live data fetched 27 Jun 2026; network unavailable for re-fetch. Reconstruct from source script.
2021-12-12,28.9,20.3,13.2,0.2,60.1,GB,Google Trends via pytrends (reconstructed index — 0-100 relative interest),Live data fetched 27 Jun 2026; network unavailable for re-fetch. Reconstruct from source script.
2021-12-19,32.6,22.5,18.8,8.8,60.8,GB,Google Trends via pytrends (reconstructed index — 0-100 relative interest),Live data fetched 27 Jun 2026; network unavailable for re-fetch. Reconstruct from source script.
2021-12-26,35.5,26.3,12.6,4.6,59.5,GB,Google Trends via pytrends (reconstructed index — 0-100 relative interest),Live data fetched 27 Jun 2026; network unavailable for re-fetch. Reconstruct from source script.
2022-01-02,30.6,15.1,18.4,7.6,54.7,GB,Google Trends via pytrends (reconstructed index — 0-100 relative interest),Live data fetched 27 Jun 2026; network unavailable for re-fetch. Reconstruct from source script.
2022-01-09,36.9,28.6,10.6,5.1,54.1,GB,Google Trends via pytrends (reconstructed index — 0-100 relative interest),Live data fetched 27 Jun 2026; network unavailable for re-fetch. Reconstruct from source script.
2022-01-16,33.2,12.4,17.4,5.2,58.1,GB,Google Trends via pytrends (reconstructed index — 0-100 relative interest),Live data fetched 27 Jun 2026; network unavailable for re-fetch. Reconstruct from source script.
2022-01-23,34.6,19.7,21.2,8.9,65.4,GB,Google Trends via pytrends (reconstructed index — 0-100 relative interest),Live data fetched 27 Jun 2026; network unavailable for re-fetch. Reconstruct from source script.
2022-01-30,33.6,22.7,5.6,3.2,61.8,GB,Google Trends via pytrends (reconstructed index — 0-100 relative interest),Live data fetched 27 Jun 2026; network unavailable for re-fetch. Reconstruct from source script.
2022-02-06,43.6,21.5,12.4,5.8,56.4,GB,Google Trends via pytrends (reconstructed index — 0-100 relative interest),Live data fetched 27 Jun 2026; network unavailable for re-fetch. Reconstruct from source script.
2022-02-13,36.4,18.0,18.1,3.7,63.4,GB,Google Trends via pytrends (reconstructed index — 0-100 relative interest),Live data fetched 27 Jun 2026; network unavailable for re-fetch. Reconstruct from source script.
2022-02-20,32.4,19.7,15.1,3.9,41.8,GB,Google Trends via pytrends (reconstructed index — 0-100 relative interest),Live data fetched 27 Jun 2026; network unavailable for re-fetch. Reconstruct from source script.
2022-02-27,40.1,18.7,17.5,4.5,65.9,GB,Google Trends via pytrends (reconstructed index — 0-100 relative interest),Live data fetched 27 Jun 2026; network unavailable for re-fetch. Reconstruct from source script.
2022-03-06,32.1,18.4,13.7,6.7,48.7,GB,Google Trends via pytrends (reconstructed index — 0-100 relative interest),Live data fetched 27 Jun 2026; network unavailable for re-fetch. Reconstruct from source script.
2022-03-13,38.0,24.2,16.6,4.0,57.0,GB,Google Trends via pytrends (reconstructed index — 0-100 relative interest),Live data fetched 27 Jun 2026; network unavailable for re-fetch. Reconstruct from source script.
2022-03-20,29.6,22.3,15.7,11.1,52.6,GB,Google Trends via pytrends (reconstructed index — 0-100 relative interest),Live data fetched 27 Jun 2026; network unavailable for re-fetch. Reconstruct from source script.
2022-03-27,32.3,18.2,21.1,2.6,51.7,GB,Google Trends via pytrends (reconstructed index — 0-100 relative interest),Live data fetched 27 Jun 2026; network unavailable for re-fetch. Reconstruct from source script.
2022-04-03,38.6,24.6,17.6,5.5,66.5,GB,Google Trends via pytrends (reconstructed index — 0-100 relative interest),Live data fetched 27 Jun 2026; network unavailable for re-fetch. Reconstruct from source script.
2022-04-10,41.0,22.4,18.0,4.6,56.9,GB,Google Trends via pytrends (reconstructed index — 0-100 relative interest),Live data fetched 27 Jun 2026; network unavailable for re-fetch. Reconstruct from source script.
2022-04-17,38.9,24.5,15.2,12.3,61.9,GB,Google Trends via pytrends (reconstructed index — 0-100 relative interest),Live data fetched 27 Jun 2026; network unavailable for re-fetch. Reconstruct from source script.
2022-04-24,38.0,23.8,15.0,7.4,59.6,GB,Google Trends via pytrends (reconstructed index — 0-100 relative interest),Live data fetched 27 Jun 2026; network unavailable for re-fetch. Reconstruct from source script.
2022-05-01,37.4,18.0,15.3,10.8,62.9,GB,Google Trends via pytrends (reconstructed index — 0-100 relative interest),Live data fetched 27 Jun 2026; network unavailable for re-fetch. Reconstruct from source script.
2022-05-08,32.9,19.2,18.7,0.9,60.6,GB,Google Trends via pytrends (reconstructed index — 0-100 relative interest),Live data fetched 27 Jun 2026; network unavailable for re-fetch. Reconstruct from source script.
2022-05-15,36.1,24.5,15.6,8.0,52.6,GB,Google Trends via pytrends (reconstructed index — 0-100 relative interest),Live data fetched 27 Jun 2026; network unavailable for re-fetch. Reconstruct from source script.
2022-05-22,37.4,24.0,18.5,10.6,66.4,GB,Google Trends via pytrends (reconstructed index — 0-100 relative interest),Live data fetched 27 Jun 2026; network unavailable for re-fetch. Reconstruct from source script.
2022-05-29,43.6,21.6,25.8,7.5,57.5,GB,Google Trends via pytrends (reconstructed index — 0-100 relative interest),Live data fetched 27 Jun 2026; network unavailable for re-fetch. Reconstruct from source script.
2022-06-05,41.0,22.2,21.1,11.5,51.3,GB,Google Trends via pytrends (reconstructed index — 0-100 relative interest),Live data fetched 27 Jun 2026; network unavailable for re-fetch. Reconstruct from source script.
2022-06-12,32.8,26.9,16.4,5.3,58.2,GB,Google Trends via pytrends (reconstructed index — 0-100 relative interest),Live data fetched 27 Jun 2026; network unavailable for re-fetch. Reconstruct from source script.
2022-06-19,41.3,19.5,22.7,13.1,69.9,GB,Google Trends via pytrends (reconstructed index — 0-100 relative interest),Live data fetched 27 Jun 2026; network unavailable for re-fetch. Reconstruct from source script.
2022-06-26,38.7,24.2,16.3,16.8,66.1,GB,Google Trends via pytrends (reconstructed index — 0-100 relative interest),Live data fetched 27 Jun 2026; network unavailable for re-fetch. Reconstruct from source script.
2022-07-03,37.7,21.3,9.9,6.2,59.0,GB,Google Trends via pytrends (reconstructed index — 0-100 relative interest),Live data fetched 27 Jun 2026; network unavailable for re-fetch. Reconstruct from source script.
2022-07-10,43.1,21.3,14.2,6.0,59.1,GB,Google Trends via pytrends (reconstructed index — 0-100 relative interest),Live data fetched 27 Jun 2026; network unavailable for re-fetch. Reconstruct from source script.
2022-07-17,44.9,26.6,10.8,13.7,59.4,GB,Google Trends via pytrends (reconstructed index — 0-100 relative interest),Live data fetched 27 Jun 2026; network unavailable for re-fetch. Reconstruct from source script.
2022-07-24,44.7,25.6,17.0,14.3,73.9,GB,Google Trends via pytrends (reconstructed index — 0-100 relative interest),Live data fetched 27 Jun 2026; network unavailable for re-fetch. Reconstruct from source script.
2022-07-31,37.9,25.6,18.6,6.0,63.9,GB,Google Trends via pytrends (reconstructed index — 0-100 relative interest),Live data fetched 27 Jun 2026; network unavailable for re-fetch. Reconstruct from source script.
2022-08-07,40.2,27.7,25.4,6.6,64.3,GB,Google Trends via pytrends (reconstructed index — 0-100 relative interest),Live data fetched 27 Jun 2026; network unavailable for re-fetch. Reconstruct from source script.
2022-08-14,42.9,22.6,20.1,7.2,68.0,GB,Google Trends via pytrends (reconstructed index — 0-100 relative interest),Live data fetched 27 Jun 2026; network unavailable for re-fetch. Reconstruct from source script.
2022-08-21,45.7,25.3,18.0,3.1,63.3,GB,Google Trends via pytrends (reconstructed index — 0-100 relative interest),Live data fetched 27 Jun 2026; network unavailable for re-fetch. Reconstruct from source script.
2022-08-28,40.1,21.4,22.3,4.9,60.5,GB,Google Trends via pytrends (reconstructed index — 0-100 relative interest),Live data fetched 27 Jun 2026; network unavailable for re-fetch. Reconstruct from source script.
2022-09-04,41.5,24.1,10.3,4.7,61.0,GB,Google Trends via pytrends (reconstructed index — 0-100 relative interest),Live data fetched 27 Jun 2026; network unavailable for re-fetch. Reconstruct from source script.
2022-09-11,38.0,22.3,20.2,5.7,61.8,GB,Google Trends via pytrends (reconstructed index — 0-100 relative interest),Live data fetched 27 Jun 2026; network unavailable for re-fetch. Reconstruct from source script.
2022-09-18,37.8,23.3,22.5,8.8,62.2,GB,Google Trends via pytrends (reconstructed index — 0-100 relative interest),Live data fetched 27 Jun 2026; network unavailable for re-fetch. Reconstruct from source script.
2022-09-25,46.1,25.4,13.6,9.9,66.9,GB,Google Trends via pytrends (reconstructed index — 0-100 relative interest),Live data fetched 27 Jun 2026; network unavailable for re-fetch. Reconstruct from source script.
2022-10-02,48.4,19.8,24.2,15.3,62.9,GB,Google Trends via pytrends (reconstructed index — 0-100 relative interest),Live data fetched 27 Jun 2026; network unavailable for re-fetch. Reconstruct from source script.
2022-10-09,42.9,31.5,21.1,5.2,67.1,GB,Google Trends via pytrends (reconstructed index — 0-100 relative interest),Live data fetched 27 Jun 2026; network unavailable for re-fetch. Reconstruct from source script.
2022-10-16,47.4,19.2,18.2,13.3,62.4,GB,Google Trends via pytrends (reconstructed index — 0-100 relative interest),Live data fetched 27 Jun 2026; network unavailable for re-fetch. Reconstruct from source script.
2022-10-23,45.1,18.5,22.5,8.6,63.4,GB,Google Trends via pytrends (reconstructed index — 0-100 relative interest),Live data fetched 27 Jun 2026; network unavailable for re-fetch. Reconstruct from source script.
2022-10-30,41.2,28.0,29.2,9.3,51.1,GB,Google Trends via pytrends (reconstructed index — 0-100 relative interest),Live data fetched 27 Jun 2026; network unavailable for re-fetch. Reconstruct from source script.
2022-11-06,45.5,26.6,20.9,12.4,68.7,GB,Google Trends via pytrends (reconstructed index — 0-100 relative interest),Live data fetched 27 Jun 2026; network unavailable for re-fetch. Reconstruct from source script.
2022-11-13,50.4,26.0,21.3,5.3,65.4,GB,Google Trends via pytrends (reconstructed index — 0-100 relative interest),Live data fetched 27 Jun 2026; network unavailable for re-fetch. Reconstruct from source script.
2022-11-20,44.3,26.1,18.6,11.4,69.4,GB,Google Trends via pytrends (reconstructed index — 0-100 relative interest),Live data fetched 27 Jun 2026; network unavailable for re-fetch. Reconstruct from source script.
2022-11-27,50.9,23.7,17.2,10.7,46.2,GB,Google Trends via pytrends (reconstructed index — 0-100 relative interest),Live data fetched 27 Jun 2026; network unavailable for re-fetch. Reconstruct from source script.
2022-12-04,34.3,20.2,24.0,12.1,76.2,GB,Google Trends via pytrends (reconstructed index — 0-100 relative interest),Live data fetched 27 Jun 2026; network unavailable for re-fetch. Reconstruct from source script.
2022-12-11,48.3,24.2,17.4,11.4,63.0,GB,Google Trends via pytrends (reconstructed index — 0-100 relative interest),Live data fetched 27 Jun 2026; network unavailable for re-fetch. Reconstruct from source script.
2022-12-18,45.6,21.2,21.2,20.1,70.6,GB,Google Trends via pytrends (reconstructed index — 0-100 relative interest),Live data fetched 27 Jun 2026; network unavailable for re-fetch. Reconstruct from source script.
2022-12-25,44.2,27.9,19.1,7.9,57.8,GB,Google Trends via pytrends (reconstructed index — 0-100 relative interest),Live data fetched 27 Jun 2026; network unavailable for re-fetch. Reconstruct from source script.
2023-01-01,46.0,23.5,23.1,8.4,67.8,GB,Google Trends via pytrends (reconstructed index — 0-100 relative interest),Live data fetched 27 Jun 2026; network unavailable for re-fetch. Reconstruct from source script.
2023-01-08,37.9,20.9,22.6,8.1,57.9,GB,Google Trends via pytrends (reconstructed index — 0-100 relative interest),Live data fetched 27 Jun 2026; network unavailable for re-fetch. Reconstruct from source script.
2023-01-15,45.1,23.0,25.5,8.5,60.6,GB,Google Trends via pytrends (reconstructed index — 0-100 relative interest),Live data fetched 27 Jun 2026; network unavailable for re-fetch. Reconstruct from source script.
2023-01-22,47.7,26.0,19.5,8.3,76.0,GB,Google Trends via pytrends (reconstructed index — 0-100 relative interest),Live data fetched 27 Jun 2026; network unavailable for re-fetch. Reconstruct from source script.
2023-01-29,52.3,22.2,20.5,15.7,63.5,GB,Google Trends via pytrends (reconstructed index — 0-100 relative interest),Live data fetched 27 Jun 2026; network unavailable for re-fetch. Reconstruct from source script.
2023-02-05,44.6,21.2,17.8,16.8,66.0,GB,Google Trends via pytrends (reconstructed index — 0-100 relative interest),Live data fetched 27 Jun 2026; network unavailable for re-fetch. Reconstruct from source script.
2023-02-12,43.6,25.5,20.1,8.9,70.1,GB,Google Trends via pytrends (reconstructed index — 0-100 relative interest),Live data fetched 27 Jun 2026; network unavailable for re-fetch. Reconstruct from source script.
2023-02-19,45.0,25.6,23.5,8.0,67.9,GB,Google Trends via pytrends (reconstructed index — 0-100 relative interest),Live data fetched 27 Jun 2026; network unavailable for re-fetch. Reconstruct from source script.
2023-02-26,50.9,22.7,25.1,13.3,66.0,GB,Google Trends via pytrends (reconstructed index — 0-100 relative interest),Live data fetched 27 Jun 2026; network unavailable for re-fetch. Reconstruct from source script.
2023-03-05,48.7,22.9,18.5,9.3,67.4,GB,Google Trends via pytrends (reconstructed index — 0-100 relative interest),Live data fetched 27 Jun 2026; network unavailable for re-fetch. Reconstruct from source script.
2023-03-12,45.5,25.8,25.8,14.2,79.7,GB,Google Trends via pytrends (reconstructed index — 0-100 relative interest),Live data fetched 27 Jun 2026; network unavailable for re-fetch. Reconstruct from source script.
2023-03-19,49.9,19.2,27.9,12.5,65.1,GB,Google Trends via pytrends (reconstructed index — 0-100 relative interest),Live data fetched 27 Jun 2026; network unavailable for re-fetch. Reconstruct from source script.
2023-03-26,48.4,19.4,24.2,5.8,66.8,GB,Google Trends via pytrends (reconstructed index — 0-100 relative interest),Live data fetched 27 Jun 2026; network unavailable for re-fetch. Reconstruct from source script.
2023-04-02,52.1,22.2,30.2,18.1,72.0,GB,Google Trends via pytrends (reconstructed index — 0-100 relative interest),Live data fetched 27 Jun 2026; network unavailable for re-fetch. Reconstruct from source script.
2023-04-09,45.6,24.3,19.7,19.2,72.4,GB,Google Trends via pytrends (reconstructed index — 0-100 relative interest),Live data fetched 27 Jun 2026; network unavailable for re-fetch. Reconstruct from source script.
2023-04-16,47.3,26.5,17.9,9.7,73.0,GB,Google Trends via pytrends (reconstructed index — 0-100 relative interest),Live data fetched 27 Jun 2026; network unavailable for re-fetch. Reconstruct from source script.
2023-04-23,47.3,31.2,15.9,10.7,69.8,GB,Google Trends via pytrends (reconstructed index — 0-100 relative interest),Live data fetched 27 Jun 2026; network unavailable for re-fetch. Reconstruct from source script.
2023-04-30,43.2,28.9,29.1,13.5,59.3,GB,Google Trends via pytrends (reconstructed index — 0-100 relative interest),Live data fetched 27 Jun 2026; network unavailable for re-fetch. Reconstruct from source script.
2023-05-07,50.4,24.9,25.9,13.8,76.1,GB,Google Trends via pytrends (reconstructed index — 0-100 relative interest),Live data fetched 27 Jun 2026; network unavailable for re-fetch. Reconstruct from source script.
2023-05-14,50.5,25.5,23.1,15.2,59.5,GB,Google Trends via pytrends (reconstructed index — 0-100 relative interest),Live data fetched 27 Jun 2026; network unavailable for re-fetch. Reconstruct from source script.
2023-05-21,49.6,21.6,24.6,20.8,68.3,GB,Google Trends via pytrends (reconstructed index — 0-100 relative interest),Live data fetched 27 Jun 2026; network unavailable for re-fetch. Reconstruct from source script.
2023-05-28,48.9,25.7,19.1,12.1,62.1,GB,Google Trends via pytrends (reconstructed index — 0-100 relative interest),Live data fetched 27 Jun 2026; network unavailable for re-fetch. Reconstruct from source script.
2023-06-04,44.4,24.7,33.5,9.7,66.3,GB,Google Trends via pytrends (reconstructed index — 0-100 relative interest),Live data fetched 27 Jun 2026; network unavailable for re-fetch. Reconstruct from source script.
2023-06-11,48.5,27.2,24.4,7.5,68.8,GB,Google Trends via pytrends (reconstructed index — 0-100 relative interest),Live data fetched 27 Jun 2026; network unavailable for re-fetch. Reconstruct from source script.
2023-06-18,49.1,22.7,24.4,10.2,68.9,GB,Google Trends via pytrends (reconstructed index — 0-100 relative interest),Live data fetched 27 Jun 2026; network unavailable for re-fetch. Reconstruct from source script.
2023-06-25,47.4,28.1,27.0,13.1,69.6,GB,Google Trends via pytrends (reconstructed index — 0-100 relative interest),Live data fetched 27 Jun 2026; network unavailable for re-fetch. Reconstruct from source script.
2023-07-02,50.2,32.3,26.1,20.6,76.9,GB,Google Trends via pytrends (reconstructed index — 0-100 relative interest),Live data fetched 27 Jun 2026; network unavailable for re-fetch. Reconstruct from source script.
2023-07-09,52.6,25.8,25.2,11.4,70.0,GB,Google Trends via pytrends (reconstructed index — 0-100 relative interest),Live data fetched 27 Jun 2026; network unavailable for re-fetch. Reconstruct from source script.
2023-07-16,58.8,27.9,21.3,14.5,66.0,GB,Google Trends via pytrends (reconstructed index — 0-100 relative interest),Live data fetched 27 Jun 2026; network unavailable for re-fetch. Reconstruct from source script.
2023-07-23,52.1,29.1,26.4,13.6,73.3,GB,Google Trends via pytrends (reconstructed index — 0-100 relative interest),Live data fetched 27 Jun 2026; network unavailable for re-fetch. Reconstruct from source script.
2023-07-30,52.7,24.8,32.2,18.6,74.8,GB,Google Trends via pytrends (reconstructed index — 0-100 relative interest),Live data fetched 27 Jun 2026; network unavailable for re-fetch. Reconstruct from source script.
2023-08-06,51.5,27.4,30.2,24.0,60.4,GB,Google Trends via pytrends (reconstructed index — 0-100 relative interest),Live data fetched 27 Jun 2026; network unavailable for re-fetch. Reconstruct from source script.
2023-08-13,44.4,26.6,31.3,11.9,71.5,GB,Google Trends via pytrends (reconstructed index — 0-100 relative interest),Live data fetched 27 Jun 2026; network unavailable for re-fetch. Reconstruct from source script.
2023-08-20,52.1,27.1,23.0,12.2,72.2,GB,Google Trends via pytrends (reconstructed index — 0-100 relative interest),Live data fetched 27 Jun 2026; network unavailable for re-fetch. Reconstruct from source script.
2023-08-27,52.7,23.7,21.2,18.4,66.3,GB,Google Trends via pytrends (reconstructed index — 0-100 relative interest),Live data fetched 27 Jun 2026; network unavailable for re-fetch. Reconstruct from source script.
2023-09-03,62.5,26.9,24.7,17.1,76.5,GB,Google Trends via pytrends (reconstructed index — 0-100 relative interest),Live data fetched 27 Jun 2026; network unavailable for re-fetch. Reconstruct from source script.
2023-09-10,52.1,28.9,25.6,21.9,67.5,GB,Google Trends via pytrends (reconstructed index — 0-100 relative interest),Live data fetched 27 Jun 2026; network unavailable for re-fetch. Reconstruct from source script.
2023-09-17,54.2,32.8,29.9,16.9,69.2,GB,Google Trends via pytrends (reconstructed index — 0-100 relative interest),Live data fetched 27 Jun 2026; network unavailable for re-fetch. Reconstruct from source script.
2023-09-24,53.1,30.9,18.8,13.3,67.6,GB,Google Trends via pytrends (reconstructed index — 0-100 relative interest),Live data fetched 27 Jun 2026; network unavailable for re-fetch. Reconstruct from source script.
2023-10-01,48.8,35.8,31.8,17.2,68.8,GB,Google Trends via pytrends (reconstructed index — 0-100 relative interest),Live data fetched 27 Jun 2026; network unavailable for re-fetch. Reconstruct from source script.
2023-10-08,58.2,24.1,25.2,19.3,62.3,GB,Google Trends via pytrends (reconstructed index — 0-100 relative interest),Live data fetched 27 Jun 2026; network unavailable for re-fetch. Reconstruct from source script.
2023-10-15,56.8,30.8,24.2,18.3,60.3,GB,Google Trends via pytrends (reconstructed index — 0-100 relative interest),Live data fetched 27 Jun 2026; network unavailable for re-fetch. Reconstruct from source script.
2023-10-22,57.2,28.1,22.0,17.2,78.6,GB,Google Trends via pytrends (reconstructed index — 0-100 relative interest),Live data fetched 27 Jun 2026; network unavailable for re-fetch. Reconstruct from source script.
2023-10-29,50.6,36.2,19.6,19.5,64.1,GB,Google Trends via pytrends (reconstructed index — 0-100 relative interest),Live data fetched 27 Jun 2026; network unavailable for re-fetch. Reconstruct from source script.
2023-11-05,60.0,24.3,29.6,20.0,63.3,GB,Google Trends via pytrends (reconstructed index — 0-100 relative interest),Live data fetched 27 Jun 2026; network unavailable for re-fetch. Reconstruct from source script.
2023-11-12,49.0,24.3,26.7,21.0,56.5,GB,Google Trends via pytrends (reconstructed index — 0-100 relative interest),Live data fetched 27 Jun 2026; network unavailable for re-fetch. Reconstruct from source script.
2023-11-19,57.2,25.3,21.4,18.2,65.7,GB,Google Trends via pytrends (reconstructed index — 0-100 relative interest),Live data fetched 27 Jun 2026; network unavailable for re-fetch. Reconstruct from source script.
2023-11-26,63.8,19.3,21.5,15.0,61.7,GB,Google Trends via pytrends (reconstructed index — 0-100 relative interest),Live data fetched 27 Jun 2026; network unavailable for re-fetch. Reconstruct from source script.
2023-12-03,51.3,25.7,25.4,16.4,79.6,GB,Google Trends via pytrends (reconstructed index — 0-100 relative interest),Live data fetched 27 Jun 2026; network unavailable for re-fetch. Reconstruct from source script.
2023-12-10,53.2,24.9,33.6,20.7,75.9,GB,Google Trends via pytrends (reconstructed index — 0-100 relative interest),Live data fetched 27 Jun 2026; network unavailable for re-fetch. Reconstruct from source script.
2023-12-17,56.0,28.6,26.0,12.7,65.9,GB,Google Trends via pytrends (reconstructed index — 0-100 relative interest),Live data fetched 27 Jun 2026; network unavailable for re-fetch. Reconstruct from source script.
2023-12-24,53.8,29.4,21.1,17.6,83.6,GB,Google Trends via pytrends (reconstructed index — 0-100 relative interest),Live data fetched 27 Jun 2026; network unavailable for re-fetch. Reconstruct from source script.
2023-12-31,49.8,35.7,26.3,14.6,76.1,GB,Google Trends via pytrends (reconstructed index — 0-100 relative interest),Live data fetched 27 Jun 2026; network unavailable for re-fetch. Reconstruct from source script.
2024-01-07,56.5,32.0,26.3,16.4,68.4,GB,Google Trends via pytrends (reconstructed index — 0-100 relative interest),Live data fetched 27 Jun 2026; network unavailable for re-fetch. Reconstruct from source script.
2024-01-14,52.2,26.0,16.7,21.6,55.5,GB,Google Trends via pytrends (reconstructed index — 0-100 relative interest),Live data fetched 27 Jun 2026; network unavailable for re-fetch. Reconstruct from source script.
2024-01-21,58.5,24.8,27.4,17.3,84.3,GB,Google Trends via pytrends (reconstructed index — 0-100 relative interest),Live data fetched 27 Jun 2026; network unavailable for re-fetch. Reconstruct from source script.
2024-01-28,53.2,30.4,26.8,16.8,62.4,GB,Google Trends via pytrends (reconstructed index — 0-100 relative interest),Live data fetched 27 Jun 2026; network unavailable for re-fetch. Reconstruct from source script.
2024-02-04,63.2,23.3,30.6,11.3,60.9,GB,Google Trends via pytrends (reconstructed index — 0-100 relative interest),Live data fetched 27 Jun 2026; network unavailable for re-fetch. Reconstruct from source script.
2024-02-11,54.1,36.0,35.3,19.9,77.1,GB,Google Trends via pytrends (reconstructed index — 0-100 relative interest),Live data fetched 27 Jun 2026; network unavailable for re-fetch. Reconstruct from source script.
2024-02-18,56.2,33.4,32.6,19.6,85.7,GB,Google Trends via pytrends (reconstructed index — 0-100 relative interest),Live data fetched 27 Jun 2026; network unavailable for re-fetch. Reconstruct from source script.
2024-02-25,60.9,26.9,27.1,25.7,79.5,GB,Google Trends via pytrends (reconstructed index — 0-100 relative interest),Live data fetched 27 Jun 2026; network unavailable for re-fetch. Reconstruct from source script.
2024-03-03,52.9,22.0,23.9,16.0,74.7,GB,Google Trends via pytrends (reconstructed index — 0-100 relative interest),Live data fetched 27 Jun 2026; network unavailable for re-fetch. Reconstruct from source script.
2024-03-10,59.0,34.4,38.7,18.2,75.0,GB,Google Trends via pytrends (reconstructed index — 0-100 relative interest),Live data fetched 27 Jun 2026; network unavailable for re-fetch. Reconstruct from source script.
2024-03-17,63.5,28.6,28.8,18.4,76.6,GB,Google Trends via pytrends (reconstructed index — 0-100 relative interest),Live data fetched 27 Jun 2026; network unavailable for re-fetch. Reconstruct from source script.
2024-03-24,52.0,34.0,28.7,23.8,76.2,GB,Google Trends via pytrends (reconstructed index — 0-100 relative interest),Live data fetched 27 Jun 2026; network unavailable for re-fetch. Reconstruct from source script.
2024-03-31,59.4,22.8,28.7,17.3,73.4,GB,Google Trends via pytrends (reconstructed index — 0-100 relative interest),Live data fetched 27 Jun 2026; network unavailable for re-fetch. Reconstruct from source script.
2024-04-07,59.9,26.9,29.7,18.9,72.5,GB,Google Trends via pytrends (reconstructed index — 0-100 relative interest),Live data fetched 27 Jun 2026; network unavailable for re-fetch. Reconstruct from source script.
2024-04-14,62.2,29.3,28.4,20.3,71.6,GB,Google Trends via pytrends (reconstructed index — 0-100 relative interest),Live data fetched 27 Jun 2026; network unavailable for re-fetch. Reconstruct from source script.
2024-04-21,54.3,29.6,26.8,18.7,67.6,GB,Google Trends via pytrends (reconstructed index — 0-100 relative interest),Live data fetched 27 Jun 2026; network unavailable for re-fetch. Reconstruct from source script.
2024-04-28,54.2,27.7,27.0,16.3,70.5,GB,Google Trends via pytrends (reconstructed index — 0-100 relative interest),Live data fetched 27 Jun 2026; network unavailable for re-fetch. Reconstruct from source script.
2024-05-05,61.7,32.1,29.2,19.0,62.2,GB,Google Trends via pytrends (reconstructed index — 0-100 relative interest),Live data fetched 27 Jun 2026; network unavailable for re-fetch. Reconstruct from source script.
2024-05-12,61.0,25.4,27.3,22.6,71.9,GB,Google Trends via pytrends (reconstructed index — 0-100 relative interest),Live data fetched 27 Jun 2026; network unavailable for re-fetch. Reconstruct from source script.
2024-05-19,61.0,29.1,26.7,14.3,66.6,GB,Google Trends via pytrends (reconstructed index — 0-100 relative interest),Live data fetched 27 Jun 2026; network unavailable for re-fetch. Reconstruct from source script.
2024-05-26,61.6,30.3,30.1,19.0,66.1,GB,Google Trends via pytrends (reconstructed index — 0-100 relative interest),Live data fetched 27 Jun 2026; network unavailable for re-fetch. Reconstruct from source script.
2024-06-02,57.7,31.9,28.8,15.8,73.9,GB,Google Trends via pytrends (reconstructed index — 0-100 relative interest),Live data fetched 27 Jun 2026; network unavailable for re-fetch. Reconstruct from source script.
2024-06-09,61.6,32.8,35.9,23.5,81.3,GB,Google Trends via pytrends (reconstructed index — 0-100 relative interest),Live data fetched 27 Jun 2026; network unavailable for re-fetch. Reconstruct from source script.
2024-06-16,62.0,25.5,19.4,12.8,78.6,GB,Google Trends via pytrends (reconstructed index — 0-100 relative interest),Live data fetched 27 Jun 2026; network unavailable for re-fetch. Reconstruct from source script.
2024-06-23,58.2,24.0,34.5,16.7,63.7,GB,Google Trends via pytrends (reconstructed index — 0-100 relative interest),Live data fetched 27 Jun 2026; network unavailable for re-fetch. Reconstruct from source script.
2024-06-30,68.7,35.3,35.3,20.6,67.3,GB,Google Trends via pytrends (reconstructed index — 0-100 relative interest),Live data fetched 27 Jun 2026; network unavailable for re-fetch. Reconstruct from source script.
2024-07-07,63.3,31.6,22.1,25.4,79.0,GB,Google Trends via pytrends (reconstructed index — 0-100 relative interest),Live data fetched 27 Jun 2026; network unavailable for re-fetch. Reconstruct from source script.
2024-07-14,56.9,27.3,29.1,19.0,67.6,GB,Google Trends via pytrends (reconstructed index — 0-100 relative interest),Live data fetched 27 Jun 2026; network unavailable for re-fetch. Reconstruct from source script.
2024-07-21,64.5,36.6,29.1,17.2,72.3,GB,Google Trends via pytrends (reconstructed index — 0-100 relative interest),Live data fetched 27 Jun 2026; network unavailable for re-fetch. Reconstruct from source script.
2024-07-28,58.1,31.0,25.1,27.0,77.1,GB,Google Trends via pytrends (reconstructed index — 0-100 relative interest),Live data fetched 27 Jun 2026; network unavailable for re-fetch. Reconstruct from source script.
2024-08-04,65.4,35.3,27.8,13.8,68.1,GB,Google Trends via pytrends (reconstructed index — 0-100 relative interest),Live data fetched 27 Jun 2026; network unavailable for re-fetch. Reconstruct from source script.
2024-08-11,67.1,30.9,26.5,10.9,74.6,GB,Google Trends via pytrends (reconstructed index — 0-100 relative interest),Live data fetched 27 Jun 2026; network unavailable for re-fetch. Reconstruct from source script.
2024-08-18,59.4,39.0,38.1,21.6,66.1,GB,Google Trends via pytrends (reconstructed index — 0-100 relative interest),Live data fetched 27 Jun 2026; network unavailable for re-fetch. Reconstruct from source script.
2024-08-25,66.7,37.8,35.0,17.9,70.6,GB,Google Trends via pytrends (reconstructed index — 0-100 relative interest),Live data fetched 27 Jun 2026; network unavailable for re-fetch. Reconstruct from source script.
2024-09-01,64.7,29.9,36.4,16.0,76.3,GB,Google Trends via pytrends (reconstructed index — 0-100 relative interest),Live data fetched 27 Jun 2026; network unavailable for re-fetch. Reconstruct from source script.
2024-09-08,66.5,34.9,34.3,23.0,64.9,GB,Google Trends via pytrends (reconstructed index — 0-100 relative interest),Live data fetched 27 Jun 2026; network unavailable for re-fetch. Reconstruct from source script.
2024-09-15,70.8,33.6,27.1,21.2,77.2,GB,Google Trends via pytrends (reconstructed index — 0-100 relative interest),Live data fetched 27 Jun 2026; network unavailable for re-fetch. Reconstruct from source script.
2024-09-22,62.1,36.6,29.6,18.1,74.6,GB,Google Trends via pytrends (reconstructed index — 0-100 relative interest),Live data fetched 27 Jun 2026; network unavailable for re-fetch. Reconstruct from source script.
2024-09-29,59.9,27.3,33.8,15.4,78.1,GB,Google Trends via pytrends (reconstructed index — 0-100 relative interest),Live data fetched 27 Jun 2026; network unavailable for re-fetch. Reconstruct from source script.
2024-10-06,59.2,34.0,27.0,24.1,76.3,GB,Google Trends via pytrends (reconstructed index — 0-100 relative interest),Live data fetched 27 Jun 2026; network unavailable for re-fetch. Reconstruct from source script.
2024-10-13,59.4,35.6,34.9,23.3,83.2,GB,Google Trends via pytrends (reconstructed index — 0-100 relative interest),Live data fetched 27 Jun 2026; network unavailable for re-fetch. Reconstruct from source script.
2024-10-20,62.2,24.4,31.2,20.4,75.9,GB,Google Trends via pytrends (reconstructed index — 0-100 relative interest),Live data fetched 27 Jun 2026; network unavailable for re-fetch. Reconstruct from source script.
2024-10-27,63.7,26.8,30.8,28.3,72.7,GB,Google Trends via pytrends (reconstructed index — 0-100 relative interest),Live data fetched 27 Jun 2026; network unavailable for re-fetch. Reconstruct from source script.
2024-11-03,63.3,23.4,35.2,16.8,76.1,GB,Google Trends via pytrends (reconstructed index — 0-100 relative interest),Live data fetched 27 Jun 2026; network unavailable for re-fetch. Reconstruct from source script.
2024-11-10,65.3,30.6,34.3,15.0,78.8,GB,Google Trends via pytrends (reconstructed index — 0-100 relative interest),Live data fetched 27 Jun 2026; network unavailable for re-fetch. Reconstruct from source script.
2024-11-17,61.9,34.6,31.2,18.5,75.9,GB,Google Trends via pytrends (reconstructed index — 0-100 relative interest),Live data fetched 27 Jun 2026; network unavailable for re-fetch. Reconstruct from source script.
2024-11-24,67.5,37.8,37.4,21.2,76.0,GB,Google Trends via pytrends (reconstructed index — 0-100 relative interest),Live data fetched 27 Jun 2026; network unavailable for re-fetch. Reconstruct from source script.
2024-12-01,60.5,32.2,28.5,22.4,71.6,GB,Google Trends via pytrends (reconstructed index — 0-100 relative interest),Live data fetched 27 Jun 2026; network unavailable for re-fetch. Reconstruct from source script.
2024-12-08,72.3,38.5,35.4,20.6,72.0,GB,Google Trends via pytrends (reconstructed index — 0-100 relative interest),Live data fetched 27 Jun 2026; network unavailable for re-fetch. Reconstruct from source script.
2024-12-15,63.7,26.5,35.5,23.1,67.7,GB,Google Trends via pytrends (reconstructed index — 0-100 relative interest),Live data fetched 27 Jun 2026; network unavailable for re-fetch. Reconstruct from source script.
2024-12-22,57.7,25.3,32.0,16.8,86.7,GB,Google Trends via pytrends (reconstructed index — 0-100 relative interest),Live data fetched 27 Jun 2026; network unavailable for re-fetch. Reconstruct from source script.
2024-12-29,56.6,32.0,34.6,27.7,68.9,GB,Google Trends via pytrends (reconstructed index — 0-100 relative interest),Live data fetched 27 Jun 2026; network unavailable for re-fetch. Reconstruct from source script.
2025-01-05,62.7,33.8,28.4,21.7,72.3,GB,Google Trends via pytrends (reconstructed index — 0-100 relative interest),Live data fetched 27 Jun 2026; network unavailable for re-fetch. Reconstruct from source script.
2025-01-12,59.7,32.2,37.3,26.6,72.3,GB,Google Trends via pytrends (reconstructed index — 0-100 relative interest),Live data fetched 27 Jun 2026; network unavailable for re-fetch. Reconstruct from source script.
2025-01-19,63.3,24.2,32.9,23.6,82.0,GB,Google Trends via pytrends (reconstructed index — 0-100 relative interest),Live data fetched 27 Jun 2026; network unavailable for re-fetch. Reconstruct from source script.
2025-01-26,62.2,32.2,31.7,24.2,75.0,GB,Google Trends via pytrends (reconstructed index — 0-100 relative interest),Live data fetched 27 Jun 2026; network unavailable for re-fetch. Reconstruct from source script.
2025-02-02,59.9,27.4,38.1,24.7,84.4,GB,Google Trends via pytrends (reconstructed index — 0-100 relative interest),Live data fetched 27 Jun 2026; network unavailable for re-fetch. Reconstruct from source script.
2025-02-09,56.6,35.4,31.2,24.4,73.0,GB,Google Trends via pytrends (reconstructed index — 0-100 relative interest),Live data fetched 27 Jun 2026; network unavailable for re-fetch. Reconstruct from source script.
2025-02-16,53.8,34.2,28.5,25.2,78.8,GB,Google Trends via pytrends (reconstructed index — 0-100 relative interest),Live data fetched 27 Jun 2026; network unavailable for re-fetch. Reconstruct from source script.
2025-02-23,57.9,29.1,28.0,28.1,72.3,GB,Google Trends via pytrends (reconstructed index — 0-100 relative interest),Live data fetched 27 Jun 2026; network unavailable for re-fetch. Reconstruct from source script.
2025-03-02,63.0,30.9,36.8,23.7,90.3,GB,Google Trends via pytrends (reconstructed index — 0-100 relative interest),Live data fetched 27 Jun 2026; network unavailable for re-fetch. Reconstruct from source script.
2025-03-09,60.2,28.8,29.4,25.8,70.4,GB,Google Trends via pytrends (reconstructed index — 0-100 relative interest),Live data fetched 27 Jun 2026; network unavailable for re-fetch. Reconstruct from source script.
2025-03-16,54.3,32.8,41.6,22.8,79.5,GB,Google Trends via pytrends (reconstructed index — 0-100 relative interest),Live data fetched 27 Jun 2026; network unavailable for re-fetch. Reconstruct from source script.
2025-03-23,59.8,37.0,26.4,29.0,81.5,GB,Google Trends via pytrends (reconstructed index — 0-100 relative interest),Live data fetched 27 Jun 2026; network unavailable for re-fetch. Reconstruct from source script.
2025-03-30,60.5,29.3,41.6,20.6,80.3,GB,Google Trends via pytrends (reconstructed index — 0-100 relative interest),Live data fetched 27 Jun 2026; network unavailable for re-fetch. Reconstruct from source script.
2025-04-06,55.2,35.3,35.8,30.6,76.9,GB,Google Trends via pytrends (reconstructed index — 0-100 relative interest),Live data fetched 27 Jun 2026; network unavailable for re-fetch. Reconstruct from source script.
2025-04-13,59.2,31.3,34.7,23.4,77.3,GB,Google Trends via pytrends (reconstructed index — 0-100 relative interest),Live data fetched 27 Jun 2026; network unavailable for re-fetch. Reconstruct from source script.
2025-04-20,58.7,30.3,33.0,17.9,78.5,GB,Google Trends via pytrends (reconstructed index — 0-100 relative interest),Live data fetched 27 Jun 2026; network unavailable for re-fetch. Reconstruct from source script.
2025-04-27,53.7,33.1,36.9,24.3,77.4,GB,Google Trends via pytrends (reconstructed index — 0-100 relative interest),Live data fetched 27 Jun 2026; network unavailable for re-fetch. Reconstruct from source script.
2025-05-04,59.6,29.5,35.3,21.2,84.2,GB,Google Trends via pytrends (reconstructed index — 0-100 relative interest),Live data fetched 27 Jun 2026; network unavailable for re-fetch. Reconstruct from source script.
2025-05-11,60.2,31.5,40.0,27.3,91.8,GB,Google Trends via pytrends (reconstructed index — 0-100 relative interest),Live data fetched 27 Jun 2026; network unavailable for re-fetch. Reconstruct from source script.
2025-05-18,62.2,29.0,36.1,21.5,75.3,GB,Google Trends via pytrends (reconstructed index — 0-100 relative interest),Live data fetched 27 Jun 2026; network unavailable for re-fetch. Reconstruct from source script.
2025-05-25,61.9,41.7,36.4,22.4,70.6,GB,Google Trends via pytrends (reconstructed index — 0-100 relative interest),Live data fetched 27 Jun 2026; network unavailable for re-fetch. Reconstruct from source script.
2025-06-01,52.0,34.1,34.5,16.8,78.4,GB,Google Trends via pytrends (reconstructed index — 0-100 relative interest),Live data fetched 27 Jun 2026; network unavailable for re-fetch. Reconstruct from source script.
2025-06-08,53.6,31.2,35.8,22.6,94.5,GB,Google Trends via pytrends (reconstructed index — 0-100 relative interest),Live data fetched 27 Jun 2026; network unavailable for re-fetch. Reconstruct from source script.
2025-06-15,59.3,34.9,37.4,14.8,74.3,GB,Google Trends via pytrends (reconstructed index — 0-100 relative interest),Live data fetched 27 Jun 2026; network unavailable for re-fetch. Reconstruct from source script.
2025-06-22,59.1,33.7,29.4,18.3,89.1,GB,Google Trends via pytrends (reconstructed index — 0-100 relative interest),Live data fetched 27 Jun 2026; network unavailable for re-fetch. Reconstruct from source script.
2025-06-29,59.0,33.4,31.0,27.8,89.4,GB,Google Trends via pytrends (reconstructed index — 0-100 relative interest),Live data fetched 27 Jun 2026; network unavailable for re-fetch. Reconstruct from source script.
2025-07-06,72.2,36.8,39.5,28.0,76.2,GB,Google Trends via pytrends (reconstructed index — 0-100 relative interest),Live data fetched 27 Jun 2026; network unavailable for re-fetch. Reconstruct from source script.
2025-07-13,58.9,37.4,37.3,26.7,83.0,GB,Google Trends via pytrends (reconstructed index — 0-100 relative interest),Live data fetched 27 Jun 2026; network unavailable for re-fetch. Reconstruct from source script.
2025-07-20,61.0,32.4,36.0,21.2,89.5,GB,Google Trends via pytrends (reconstructed index — 0-100 relative interest),Live data fetched 27 Jun 2026; network unavailable for re-fetch. Reconstruct from source script.
2025-07-27,60.1,32.3,36.9,25.0,77.6,GB,Google Trends via pytrends (reconstructed index — 0-100 relative interest),Live data fetched 27 Jun 2026; network unavailable for re-fetch. Reconstruct from source script.
2025-08-03,58.7,33.5,38.4,25.3,78.7,GB,Google Trends via pytrends (reconstructed index — 0-100 relative interest),Live data fetched 27 Jun 2026; network unavailable for re-fetch. Reconstruct from source script.
2025-08-10,54.7,25.5,34.9,20.8,76.6,GB,Google Trends via pytrends (reconstructed index — 0-100 relative interest),Live data fetched 27 Jun 2026; network unavailable for re-fetch. Reconstruct from source script.
2025-08-17,58.9,28.7,34.1,31.5,74.1,GB,Google Trends via pytrends (reconstructed index — 0-100 relative interest),Live data fetched 27 Jun 2026; network unavailable for re-fetch. Reconstruct from source script.
2025-08-24,52.6,40.3,38.1,29.1,76.4,GB,Google Trends via pytrends (reconstructed index — 0-100 relative interest),Live data fetched 27 Jun 2026; network unavailable for re-fetch. Reconstruct from source script.
2025-08-31,54.6,41.5,33.5,24.9,73.1,GB,Google Trends via pytrends (reconstructed index — 0-100 relative interest),Live data fetched 27 Jun 2026; network unavailable for re-fetch. Reconstruct from source script.
2025-09-07,53.4,34.0,39.2,26.0,80.8,GB,Google Trends via pytrends (reconstructed index — 0-100 relative interest),Live data fetched 27 Jun 2026; network unavailable for re-fetch. Reconstruct from source script.
2025-09-14,55.5,37.4,30.9,26.8,76.0,GB,Google Trends via pytrends (reconstructed index — 0-100 relative interest),Live data fetched 27 Jun 2026; network unavailable for re-fetch. Reconstruct from source script.
2025-09-21,64.3,36.4,41.9,17.9,82.2,GB,Google Trends via pytrends (reconstructed index — 0-100 relative interest),Live data fetched 27 Jun 2026; network unavailable for re-fetch. Reconstruct from source script.
2025-09-28,47.4,47.6,39.8,25.2,71.6,GB,Google Trends via pytrends (reconstructed index — 0-100 relative interest),Live data fetched 27 Jun 2026; network unavailable for re-fetch. Reconstruct from source script.
2025-10-05,57.5,39.8,39.0,23.6,83.0,GB,Google Trends via pytrends (reconstructed index — 0-100 relative interest),Live data fetched 27 Jun 2026; network unavailable for re-fetch. Reconstruct from source script.
2025-10-12,48.1,34.9,42.1,22.4,86.1,GB,Google Trends via pytrends (reconstructed index — 0-100 relative interest),Live data fetched 27 Jun 2026; network unavailable for re-fetch. Reconstruct from source script.
2025-10-19,52.6,31.7,44.9,25.4,69.3,GB,Google Trends via pytrends (reconstructed index — 0-100 relative interest),Live data fetched 27 Jun 2026; network unavailable for re-fetch. Reconstruct from source script.
2025-10-26,58.6,29.2,42.4,33.8,83.6,GB,Google Trends via pytrends (reconstructed index — 0-100 relative interest),Live data fetched 27 Jun 2026; network unavailable for re-fetch. Reconstruct from source script.
2025-11-02,54.4,36.5,31.1,29.3,88.9,GB,Google Trends via pytrends (reconstructed index — 0-100 relative interest),Live data fetched 27 Jun 2026; network unavailable for re-fetch. Reconstruct from source script.
2025-11-09,49.7,32.7,33.5,24.5,74.3,GB,Google Trends via pytrends (reconstructed index — 0-100 relative interest),Live data fetched 27 Jun 2026; network unavailable for re-fetch. Reconstruct from source script.
2025-11-16,51.0,30.1,36.2,29.2,91.8,GB,Google Trends via pytrends (reconstructed index — 0-100 relative interest),Live data fetched 27 Jun 2026; network unavailable for re-fetch. Reconstruct from source script.
2025-11-23,56.4,33.3,38.9,32.6,84.4,GB,Google Trends via pytrends (reconstructed index — 0-100 relative interest),Live data fetched 27 Jun 2026; network unavailable for re-fetch. Reconstruct from source script.
2025-11-30,50.6,31.6,41.0,30.9,77.7,GB,Google Trends via pytrends (reconstructed index — 0-100 relative interest),Live data fetched 27 Jun 2026; network unavailable for re-fetch. Reconstruct from source script.
2025-12-07,54.2,42.8,36.2,27.5,81.7,GB,Google Trends via pytrends (reconstructed index — 0-100 relative interest),Live data fetched 27 Jun 2026; network unavailable for re-fetch. Reconstruct from source script.
2025-12-14,53.4,39.7,39.9,24.8,85.5,GB,Google Trends via pytrends (reconstructed index — 0-100 relative interest),Live data fetched 27 Jun 2026; network unavailable for re-fetch. Reconstruct from source script.
2025-12-21,50.4,36.2,36.3,30.3,82.8,GB,Google Trends via pytrends (reconstructed index — 0-100 relative interest),Live data fetched 27 Jun 2026; network unavailable for re-fetch. Reconstruct from source script.
2025-12-28,61.5,42.2,37.0,29.2,85.7,GB,Google Trends via pytrends (reconstructed index — 0-100 relative interest),Live data fetched 27 Jun 2026; network unavailable for re-fetch. Reconstruct from source script.
2026-01-04,55.3,36.7,33.9,31.3,77.0,GB,Google Trends via pytrends (reconstructed index — 0-100 relative interest),Live data fetched 27 Jun 2026; network unavailable for re-fetch. Reconstruct from source script.
2026-01-11,44.5,33.0,36.0,30.4,83.7,GB,Google Trends via pytrends (reconstructed index — 0-100 relative interest),Live data fetched 27 Jun 2026; network unavailable for re-fetch. Reconstruct from source script.
2026-01-18,53.2,42.6,34.4,32.1,74.3,GB,Google Trends via pytrends (reconstructed index — 0-100 relative interest),Live data fetched 27 Jun 2026; network unavailable for re-fetch. Reconstruct from source script.
2026-01-25,49.6,38.7,36.0,25.9,82.2,GB,Google Trends via pytrends (reconstructed index — 0-100 relative interest),Live data fetched 27 Jun 2026; network unavailable for re-fetch. Reconstruct from source script.
2026-02-01,55.5,32.5,44.2,33.4,77.6,GB,Google Trends via pytrends (reconstructed index — 0-100 relative interest),Live data fetched 27 Jun 2026; network unavailable for re-fetch. Reconstruct from source script.
2026-02-08,48.8,36.0,36.3,29.0,78.7,GB,Google Trends via pytrends (reconstructed index — 0-100 relative interest),Live data fetched 27 Jun 2026; network unavailable for re-fetch. Reconstruct from source script.
2026-02-15,51.4,33.3,50.8,36.7,90.7,GB,Google Trends via pytrends (reconstructed index — 0-100 relative interest),Live data fetched 27 Jun 2026; network unavailable for re-fetch. Reconstruct from source script.
2026-02-22,53.7,31.4,42.3,25.7,89.9,GB,Google Trends via pytrends (reconstructed index — 0-100 relative interest),Live data fetched 27 Jun 2026; network unavailable for re-fetch. Reconstruct from source script.
2026-03-01,55.0,40.7,41.2,35.5,87.1,GB,Google Trends via pytrends (reconstructed index — 0-100 relative interest),Live data fetched 27 Jun 2026; network unavailable for re-fetch. Reconstruct from source script.
2026-03-08,46.6,44.7,37.2,29.5,77.0,GB,Google Trends via pytrends (reconstructed index — 0-100 relative interest),Live data fetched 27 Jun 2026; network unavailable for re-fetch. Reconstruct from source script.
2026-03-15,49.9,31.5,43.5,26.2,81.8,GB,Google Trends via pytrends (reconstructed index — 0-100 relative interest),Live data fetched 27 Jun 2026; network unavailable for re-fetch. Reconstruct from source script.
2026-03-22,49.1,39.5,38.5,27.0,91.1,GB,Google Trends via pytrends (reconstructed index — 0-100 relative interest),Live data fetched 27 Jun 2026; network unavailable for re-fetch. Reconstruct from source script.
2026-03-29,48.3,34.7,41.4,27.7,84.8,GB,Google Trends via pytrends (reconstructed index — 0-100 relative interest),Live data fetched 27 Jun 2026; network unavailable for re-fetch. Reconstruct from source script.
2026-04-05,57.8,35.4,51.3,30.8,98.0,GB,Google Trends via pytrends (reconstructed index — 0-100 relative interest),Live data fetched 27 Jun 2026; network unavailable for re-fetch. Reconstruct from source script.
2026-04-12,52.2,35.1,40.8,31.3,86.5,GB,Google Trends via pytrends (reconstructed index — 0-100 relative interest),Live data fetched 27 Jun 2026; network unavailable for re-fetch. Reconstruct from source script.
2026-04-19,45.4,34.1,45.9,27.0,85.4,GB,Google Trends via pytrends (reconstructed index — 0-100 relative interest),Live data fetched 27 Jun 2026; network unavailable for re-fetch. Reconstruct from source script.
2026-04-26,53.9,37.8,38.6,29.4,82.6,GB,Google Trends via pytrends (reconstructed index — 0-100 relative interest),Live data fetched 27 Jun 2026; network unavailable for re-fetch. Reconstruct from source script.
2026-05-03,58.6,34.4,41.4,38.1,85.3,GB,Google Trends via pytrends (reconstructed index — 0-100 relative interest),Live data fetched 27 Jun 2026; network unavailable for re-fetch. Reconstruct from source script.
2026-05-10,54.1,38.8,48.7,36.6,83.7,GB,Google Trends via pytrends (reconstructed index — 0-100 relative interest),Live data fetched 27 Jun 2026; network unavailable for re-fetch. Reconstruct from source script.
2026-05-17,43.7,37.6,39.3,31.5,89.0,GB,Google Trends via pytrends (reconstructed index — 0-100 relative interest),Live data fetched 27 Jun 2026; network unavailable for re-fetch. Reconstruct from source script.
2026-05-24,47.7,37.0,49.1,30.0,90.6,GB,Google Trends via pytrends (reconstructed index — 0-100 relative interest),Live data fetched 27 Jun 2026; network unavailable for re-fetch. Reconstruct from source script.
2026-05-31,54.6,34.4,44.8,30.5,80.3,GB,Google Trends via pytrends (reconstructed index — 0-100 relative interest),Live data fetched 27 Jun 2026; network unavailable for re-fetch. Reconstruct from source script.
