date,sustainable boots,hiking boots,vegan boots,waterproof boots,geo,window,source,url,accessed,note
2021-06-27,0,16,4,11,GB,5-year weekly,Google Trends via pytrends,"https://trends.google.com/trends/explore?q=sustainable+boots,hiking+boots,waterproof+boots,vegan+boots&geo=GB&date=today+5-y",29 Jun 2026,'sustainable boots' = 0 throughout (below measurable threshold)
2021-07-04,0,18,4,16,GB,5-year weekly,Google Trends via pytrends,"https://trends.google.com/trends/explore?q=sustainable+boots,hiking+boots,waterproof+boots,vegan+boots&geo=GB&date=today+5-y",29 Jun 2026,'sustainable boots' = 0 throughout (below measurable threshold)
2021-07-11,0,15,3,11,GB,5-year weekly,Google Trends via pytrends,"https://trends.google.com/trends/explore?q=sustainable+boots,hiking+boots,waterproof+boots,vegan+boots&geo=GB&date=today+5-y",29 Jun 2026,'sustainable boots' = 0 throughout (below measurable threshold)
2021-07-18,0,11,2,7,GB,5-year weekly,Google Trends via pytrends,"https://trends.google.com/trends/explore?q=sustainable+boots,hiking+boots,waterproof+boots,vegan+boots&geo=GB&date=today+5-y",29 Jun 2026,'sustainable boots' = 0 throughout (below measurable threshold)
2021-07-25,0,17,3,14,GB,5-year weekly,Google Trends via pytrends,"https://trends.google.com/trends/explore?q=sustainable+boots,hiking+boots,waterproof+boots,vegan+boots&geo=GB&date=today+5-y",29 Jun 2026,'sustainable boots' = 0 throughout (below measurable threshold)
2021-08-01,0,19,3,17,GB,5-year weekly,Google Trends via pytrends,"https://trends.google.com/trends/explore?q=sustainable+boots,hiking+boots,waterproof+boots,vegan+boots&geo=GB&date=today+5-y",29 Jun 2026,'sustainable boots' = 0 throughout (below measurable threshold)
2021-08-08,0,18,4,18,GB,5-year weekly,Google Trends via pytrends,"https://trends.google.com/trends/explore?q=sustainable+boots,hiking+boots,waterproof+boots,vegan+boots&geo=GB&date=today+5-y",29 Jun 2026,'sustainable boots' = 0 throughout (below measurable threshold)
2021-08-15,0,21,4,18,GB,5-year weekly,Google Trends via pytrends,"https://trends.google.com/trends/explore?q=sustainable+boots,hiking+boots,waterproof+boots,vegan+boots&geo=GB&date=today+5-y",29 Jun 2026,'sustainable boots' = 0 throughout (below measurable threshold)
2021-08-22,0,19,5,18,GB,5-year weekly,Google Trends via pytrends,"https://trends.google.com/trends/explore?q=sustainable+boots,hiking+boots,waterproof+boots,vegan+boots&geo=GB&date=today+5-y",29 Jun 2026,'sustainable boots' = 0 throughout (below measurable threshold)
2021-08-29,0,20,5,19,GB,5-year weekly,Google Trends via pytrends,"https://trends.google.com/trends/explore?q=sustainable+boots,hiking+boots,waterproof+boots,vegan+boots&geo=GB&date=today+5-y",29 Jun 2026,'sustainable boots' = 0 throughout (below measurable threshold)
2021-09-05,0,16,5,18,GB,5-year weekly,Google Trends via pytrends,"https://trends.google.com/trends/explore?q=sustainable+boots,hiking+boots,waterproof+boots,vegan+boots&geo=GB&date=today+5-y",29 Jun 2026,'sustainable boots' = 0 throughout (below measurable threshold)
2021-09-12,0,19,5,23,GB,5-year weekly,Google Trends via pytrends,"https://trends.google.com/trends/explore?q=sustainable+boots,hiking+boots,waterproof+boots,vegan+boots&geo=GB&date=today+5-y",29 Jun 2026,'sustainable boots' = 0 throughout (below measurable threshold)
2021-09-19,0,19,6,22,GB,5-year weekly,Google Trends via pytrends,"https://trends.google.com/trends/explore?q=sustainable+boots,hiking+boots,waterproof+boots,vegan+boots&geo=GB&date=today+5-y",29 Jun 2026,'sustainable boots' = 0 throughout (below measurable threshold)
2021-09-26,0,22,7,47,GB,5-year weekly,Google Trends via pytrends,"https://trends.google.com/trends/explore?q=sustainable+boots,hiking+boots,waterproof+boots,vegan+boots&geo=GB&date=today+5-y",29 Jun 2026,'sustainable boots' = 0 throughout (below measurable threshold)
2021-10-03,0,23,9,46,GB,5-year weekly,Google Trends via pytrends,"https://trends.google.com/trends/explore?q=sustainable+boots,hiking+boots,waterproof+boots,vegan+boots&geo=GB&date=today+5-y",29 Jun 2026,'sustainable boots' = 0 throughout (below measurable threshold)
2021-10-10,0,20,7,35,GB,5-year weekly,Google Trends via pytrends,"https://trends.google.com/trends/explore?q=sustainable+boots,hiking+boots,waterproof+boots,vegan+boots&geo=GB&date=today+5-y",29 Jun 2026,'sustainable boots' = 0 throughout (below measurable threshold)
2021-10-17,0,24,10,48,GB,5-year weekly,Google Trends via pytrends,"https://trends.google.com/trends/explore?q=sustainable+boots,hiking+boots,waterproof+boots,vegan+boots&geo=GB&date=today+5-y",29 Jun 2026,'sustainable boots' = 0 throughout (below measurable threshold)
2021-10-24,0,23,9,41,GB,5-year weekly,Google Trends via pytrends,"https://trends.google.com/trends/explore?q=sustainable+boots,hiking+boots,waterproof+boots,vegan+boots&geo=GB&date=today+5-y",29 Jun 2026,'sustainable boots' = 0 throughout (below measurable threshold)
2021-10-31,0,24,9,49,GB,5-year weekly,Google Trends via pytrends,"https://trends.google.com/trends/explore?q=sustainable+boots,hiking+boots,waterproof+boots,vegan+boots&geo=GB&date=today+5-y",29 Jun 2026,'sustainable boots' = 0 throughout (below measurable threshold)
2021-11-07,0,19,9,35,GB,5-year weekly,Google Trends via pytrends,"https://trends.google.com/trends/explore?q=sustainable+boots,hiking+boots,waterproof+boots,vegan+boots&geo=GB&date=today+5-y",29 Jun 2026,'sustainable boots' = 0 throughout (below measurable threshold)
2021-11-14,0,20,9,33,GB,5-year weekly,Google Trends via pytrends,"https://trends.google.com/trends/explore?q=sustainable+boots,hiking+boots,waterproof+boots,vegan+boots&geo=GB&date=today+5-y",29 Jun 2026,'sustainable boots' = 0 throughout (below measurable threshold)
2021-11-21,1,24,12,39,GB,5-year weekly,Google Trends via pytrends,"https://trends.google.com/trends/explore?q=sustainable+boots,hiking+boots,waterproof+boots,vegan+boots&geo=GB&date=today+5-y",29 Jun 2026,'sustainable boots' = 0 throughout (below measurable threshold)
2021-11-28,0,23,9,49,GB,5-year weekly,Google Trends via pytrends,"https://trends.google.com/trends/explore?q=sustainable+boots,hiking+boots,waterproof+boots,vegan+boots&geo=GB&date=today+5-y",29 Jun 2026,'sustainable boots' = 0 throughout (below measurable threshold)
2021-12-05,0,22,10,42,GB,5-year weekly,Google Trends via pytrends,"https://trends.google.com/trends/explore?q=sustainable+boots,hiking+boots,waterproof+boots,vegan+boots&geo=GB&date=today+5-y",29 Jun 2026,'sustainable boots' = 0 throughout (below measurable threshold)
2021-12-12,0,18,8,27,GB,5-year weekly,Google Trends via pytrends,"https://trends.google.com/trends/explore?q=sustainable+boots,hiking+boots,waterproof+boots,vegan+boots&geo=GB&date=today+5-y",29 Jun 2026,'sustainable boots' = 0 throughout (below measurable threshold)
2021-12-19,0,19,7,26,GB,5-year weekly,Google Trends via pytrends,"https://trends.google.com/trends/explore?q=sustainable+boots,hiking+boots,waterproof+boots,vegan+boots&geo=GB&date=today+5-y",29 Jun 2026,'sustainable boots' = 0 throughout (below measurable threshold)
2021-12-26,0,36,10,43,GB,5-year weekly,Google Trends via pytrends,"https://trends.google.com/trends/explore?q=sustainable+boots,hiking+boots,waterproof+boots,vegan+boots&geo=GB&date=today+5-y",29 Jun 2026,'sustainable boots' = 0 throughout (below measurable threshold)
2022-01-02,0,40,9,43,GB,5-year weekly,Google Trends via pytrends,"https://trends.google.com/trends/explore?q=sustainable+boots,hiking+boots,waterproof+boots,vegan+boots&geo=GB&date=today+5-y",29 Jun 2026,'sustainable boots' = 0 throughout (below measurable threshold)
2022-01-09,0,31,7,34,GB,5-year weekly,Google Trends via pytrends,"https://trends.google.com/trends/explore?q=sustainable+boots,hiking+boots,waterproof+boots,vegan+boots&geo=GB&date=today+5-y",29 Jun 2026,'sustainable boots' = 0 throughout (below measurable threshold)
2022-01-16,0,25,6,27,GB,5-year weekly,Google Trends via pytrends,"https://trends.google.com/trends/explore?q=sustainable+boots,hiking+boots,waterproof+boots,vegan+boots&geo=GB&date=today+5-y",29 Jun 2026,'sustainable boots' = 0 throughout (below measurable threshold)
2022-01-23,0,24,7,22,GB,5-year weekly,Google Trends via pytrends,"https://trends.google.com/trends/explore?q=sustainable+boots,hiking+boots,waterproof+boots,vegan+boots&geo=GB&date=today+5-y",29 Jun 2026,'sustainable boots' = 0 throughout (below measurable threshold)
2022-01-30,0,22,6,20,GB,5-year weekly,Google Trends via pytrends,"https://trends.google.com/trends/explore?q=sustainable+boots,hiking+boots,waterproof+boots,vegan+boots&geo=GB&date=today+5-y",29 Jun 2026,'sustainable boots' = 0 throughout (below measurable threshold)
2022-02-06,0,24,6,21,GB,5-year weekly,Google Trends via pytrends,"https://trends.google.com/trends/explore?q=sustainable+boots,hiking+boots,waterproof+boots,vegan+boots&geo=GB&date=today+5-y",29 Jun 2026,'sustainable boots' = 0 throughout (below measurable threshold)
2022-02-13,0,22,6,24,GB,5-year weekly,Google Trends via pytrends,"https://trends.google.com/trends/explore?q=sustainable+boots,hiking+boots,waterproof+boots,vegan+boots&geo=GB&date=today+5-y",29 Jun 2026,'sustainable boots' = 0 throughout (below measurable threshold)
2022-02-20,0,21,6,22,GB,5-year weekly,Google Trends via pytrends,"https://trends.google.com/trends/explore?q=sustainable+boots,hiking+boots,waterproof+boots,vegan+boots&geo=GB&date=today+5-y",29 Jun 2026,'sustainable boots' = 0 throughout (below measurable threshold)
2022-02-27,0,21,6,21,GB,5-year weekly,Google Trends via pytrends,"https://trends.google.com/trends/explore?q=sustainable+boots,hiking+boots,waterproof+boots,vegan+boots&geo=GB&date=today+5-y",29 Jun 2026,'sustainable boots' = 0 throughout (below measurable threshold)
2022-03-06,0,21,6,17,GB,5-year weekly,Google Trends via pytrends,"https://trends.google.com/trends/explore?q=sustainable+boots,hiking+boots,waterproof+boots,vegan+boots&geo=GB&date=today+5-y",29 Jun 2026,'sustainable boots' = 0 throughout (below measurable threshold)
2022-03-13,0,21,5,15,GB,5-year weekly,Google Trends via pytrends,"https://trends.google.com/trends/explore?q=sustainable+boots,hiking+boots,waterproof+boots,vegan+boots&geo=GB&date=today+5-y",29 Jun 2026,'sustainable boots' = 0 throughout (below measurable threshold)
2022-03-20,0,18,4,13,GB,5-year weekly,Google Trends via pytrends,"https://trends.google.com/trends/explore?q=sustainable+boots,hiking+boots,waterproof+boots,vegan+boots&geo=GB&date=today+5-y",29 Jun 2026,'sustainable boots' = 0 throughout (below measurable threshold)
2022-03-27,0,17,4,13,GB,5-year weekly,Google Trends via pytrends,"https://trends.google.com/trends/explore?q=sustainable+boots,hiking+boots,waterproof+boots,vegan+boots&geo=GB&date=today+5-y",29 Jun 2026,'sustainable boots' = 0 throughout (below measurable threshold)
2022-04-03,0,17,4,14,GB,5-year weekly,Google Trends via pytrends,"https://trends.google.com/trends/explore?q=sustainable+boots,hiking+boots,waterproof+boots,vegan+boots&geo=GB&date=today+5-y",29 Jun 2026,'sustainable boots' = 0 throughout (below measurable threshold)
2022-04-10,0,18,4,13,GB,5-year weekly,Google Trends via pytrends,"https://trends.google.com/trends/explore?q=sustainable+boots,hiking+boots,waterproof+boots,vegan+boots&geo=GB&date=today+5-y",29 Jun 2026,'sustainable boots' = 0 throughout (below measurable threshold)
2022-04-17,0,17,4,10,GB,5-year weekly,Google Trends via pytrends,"https://trends.google.com/trends/explore?q=sustainable+boots,hiking+boots,waterproof+boots,vegan+boots&geo=GB&date=today+5-y",29 Jun 2026,'sustainable boots' = 0 throughout (below measurable threshold)
2022-04-24,0,17,4,9,GB,5-year weekly,Google Trends via pytrends,"https://trends.google.com/trends/explore?q=sustainable+boots,hiking+boots,waterproof+boots,vegan+boots&geo=GB&date=today+5-y",29 Jun 2026,'sustainable boots' = 0 throughout (below measurable threshold)
2022-05-01,0,18,4,10,GB,5-year weekly,Google Trends via pytrends,"https://trends.google.com/trends/explore?q=sustainable+boots,hiking+boots,waterproof+boots,vegan+boots&geo=GB&date=today+5-y",29 Jun 2026,'sustainable boots' = 0 throughout (below measurable threshold)
2022-05-08,0,13,3,9,GB,5-year weekly,Google Trends via pytrends,"https://trends.google.com/trends/explore?q=sustainable+boots,hiking+boots,waterproof+boots,vegan+boots&geo=GB&date=today+5-y",29 Jun 2026,'sustainable boots' = 0 throughout (below measurable threshold)
2022-05-15,0,15,3,12,GB,5-year weekly,Google Trends via pytrends,"https://trends.google.com/trends/explore?q=sustainable+boots,hiking+boots,waterproof+boots,vegan+boots&geo=GB&date=today+5-y",29 Jun 2026,'sustainable boots' = 0 throughout (below measurable threshold)
2022-05-22,0,15,3,10,GB,5-year weekly,Google Trends via pytrends,"https://trends.google.com/trends/explore?q=sustainable+boots,hiking+boots,waterproof+boots,vegan+boots&geo=GB&date=today+5-y",29 Jun 2026,'sustainable boots' = 0 throughout (below measurable threshold)
2022-05-29,0,15,4,11,GB,5-year weekly,Google Trends via pytrends,"https://trends.google.com/trends/explore?q=sustainable+boots,hiking+boots,waterproof+boots,vegan+boots&geo=GB&date=today+5-y",29 Jun 2026,'sustainable boots' = 0 throughout (below measurable threshold)
2022-06-05,0,15,3,13,GB,5-year weekly,Google Trends via pytrends,"https://trends.google.com/trends/explore?q=sustainable+boots,hiking+boots,waterproof+boots,vegan+boots&geo=GB&date=today+5-y",29 Jun 2026,'sustainable boots' = 0 throughout (below measurable threshold)
2022-06-12,0,12,3,8,GB,5-year weekly,Google Trends via pytrends,"https://trends.google.com/trends/explore?q=sustainable+boots,hiking+boots,waterproof+boots,vegan+boots&geo=GB&date=today+5-y",29 Jun 2026,'sustainable boots' = 0 throughout (below measurable threshold)
2022-06-19,0,11,3,9,GB,5-year weekly,Google Trends via pytrends,"https://trends.google.com/trends/explore?q=sustainable+boots,hiking+boots,waterproof+boots,vegan+boots&geo=GB&date=today+5-y",29 Jun 2026,'sustainable boots' = 0 throughout (below measurable threshold)
2022-06-26,0,13,3,11,GB,5-year weekly,Google Trends via pytrends,"https://trends.google.com/trends/explore?q=sustainable+boots,hiking+boots,waterproof+boots,vegan+boots&geo=GB&date=today+5-y",29 Jun 2026,'sustainable boots' = 0 throughout (below measurable threshold)
2022-07-03,0,13,3,9,GB,5-year weekly,Google Trends via pytrends,"https://trends.google.com/trends/explore?q=sustainable+boots,hiking+boots,waterproof+boots,vegan+boots&geo=GB&date=today+5-y",29 Jun 2026,'sustainable boots' = 0 throughout (below measurable threshold)
2022-07-10,0,11,3,8,GB,5-year weekly,Google Trends via pytrends,"https://trends.google.com/trends/explore?q=sustainable+boots,hiking+boots,waterproof+boots,vegan+boots&geo=GB&date=today+5-y",29 Jun 2026,'sustainable boots' = 0 throughout (below measurable threshold)
2022-07-17,0,12,3,7,GB,5-year weekly,Google Trends via pytrends,"https://trends.google.com/trends/explore?q=sustainable+boots,hiking+boots,waterproof+boots,vegan+boots&geo=GB&date=today+5-y",29 Jun 2026,'sustainable boots' = 0 throughout (below measurable threshold)
2022-07-24,0,14,3,10,GB,5-year weekly,Google Trends via pytrends,"https://trends.google.com/trends/explore?q=sustainable+boots,hiking+boots,waterproof+boots,vegan+boots&geo=GB&date=today+5-y",29 Jun 2026,'sustainable boots' = 0 throughout (below measurable threshold)
2022-07-31,0,13,4,12,GB,5-year weekly,Google Trends via pytrends,"https://trends.google.com/trends/explore?q=sustainable+boots,hiking+boots,waterproof+boots,vegan+boots&geo=GB&date=today+5-y",29 Jun 2026,'sustainable boots' = 0 throughout (below measurable threshold)
2022-08-07,0,12,3,9,GB,5-year weekly,Google Trends via pytrends,"https://trends.google.com/trends/explore?q=sustainable+boots,hiking+boots,waterproof+boots,vegan+boots&geo=GB&date=today+5-y",29 Jun 2026,'sustainable boots' = 0 throughout (below measurable threshold)
2022-08-14,0,13,4,13,GB,5-year weekly,Google Trends via pytrends,"https://trends.google.com/trends/explore?q=sustainable+boots,hiking+boots,waterproof+boots,vegan+boots&geo=GB&date=today+5-y",29 Jun 2026,'sustainable boots' = 0 throughout (below measurable threshold)
2022-08-21,0,15,5,17,GB,5-year weekly,Google Trends via pytrends,"https://trends.google.com/trends/explore?q=sustainable+boots,hiking+boots,waterproof+boots,vegan+boots&geo=GB&date=today+5-y",29 Jun 2026,'sustainable boots' = 0 throughout (below measurable threshold)
2022-08-28,0,16,5,18,GB,5-year weekly,Google Trends via pytrends,"https://trends.google.com/trends/explore?q=sustainable+boots,hiking+boots,waterproof+boots,vegan+boots&geo=GB&date=today+5-y",29 Jun 2026,'sustainable boots' = 0 throughout (below measurable threshold)
2022-09-04,0,15,5,26,GB,5-year weekly,Google Trends via pytrends,"https://trends.google.com/trends/explore?q=sustainable+boots,hiking+boots,waterproof+boots,vegan+boots&geo=GB&date=today+5-y",29 Jun 2026,'sustainable boots' = 0 throughout (below measurable threshold)
2022-09-11,0,18,5,25,GB,5-year weekly,Google Trends via pytrends,"https://trends.google.com/trends/explore?q=sustainable+boots,hiking+boots,waterproof+boots,vegan+boots&geo=GB&date=today+5-y",29 Jun 2026,'sustainable boots' = 0 throughout (below measurable threshold)
2022-09-18,1,19,6,26,GB,5-year weekly,Google Trends via pytrends,"https://trends.google.com/trends/explore?q=sustainable+boots,hiking+boots,waterproof+boots,vegan+boots&geo=GB&date=today+5-y",29 Jun 2026,'sustainable boots' = 0 throughout (below measurable threshold)
2022-09-25,0,20,6,37,GB,5-year weekly,Google Trends via pytrends,"https://trends.google.com/trends/explore?q=sustainable+boots,hiking+boots,waterproof+boots,vegan+boots&geo=GB&date=today+5-y",29 Jun 2026,'sustainable boots' = 0 throughout (below measurable threshold)
2022-10-02,1,21,7,37,GB,5-year weekly,Google Trends via pytrends,"https://trends.google.com/trends/explore?q=sustainable+boots,hiking+boots,waterproof+boots,vegan+boots&geo=GB&date=today+5-y",29 Jun 2026,'sustainable boots' = 0 throughout (below measurable threshold)
2022-10-09,1,21,6,34,GB,5-year weekly,Google Trends via pytrends,"https://trends.google.com/trends/explore?q=sustainable+boots,hiking+boots,waterproof+boots,vegan+boots&geo=GB&date=today+5-y",29 Jun 2026,'sustainable boots' = 0 throughout (below measurable threshold)
2022-10-16,0,21,6,36,GB,5-year weekly,Google Trends via pytrends,"https://trends.google.com/trends/explore?q=sustainable+boots,hiking+boots,waterproof+boots,vegan+boots&geo=GB&date=today+5-y",29 Jun 2026,'sustainable boots' = 0 throughout (below measurable threshold)
2022-10-23,0,20,6,39,GB,5-year weekly,Google Trends via pytrends,"https://trends.google.com/trends/explore?q=sustainable+boots,hiking+boots,waterproof+boots,vegan+boots&geo=GB&date=today+5-y",29 Jun 2026,'sustainable boots' = 0 throughout (below measurable threshold)
2022-10-30,0,22,7,48,GB,5-year weekly,Google Trends via pytrends,"https://trends.google.com/trends/explore?q=sustainable+boots,hiking+boots,waterproof+boots,vegan+boots&geo=GB&date=today+5-y",29 Jun 2026,'sustainable boots' = 0 throughout (below measurable threshold)
2022-11-06,0,20,8,44,GB,5-year weekly,Google Trends via pytrends,"https://trends.google.com/trends/explore?q=sustainable+boots,hiking+boots,waterproof+boots,vegan+boots&geo=GB&date=today+5-y",29 Jun 2026,'sustainable boots' = 0 throughout (below measurable threshold)
2022-11-13,0,23,8,50,GB,5-year weekly,Google Trends via pytrends,"https://trends.google.com/trends/explore?q=sustainable+boots,hiking+boots,waterproof+boots,vegan+boots&geo=GB&date=today+5-y",29 Jun 2026,'sustainable boots' = 0 throughout (below measurable threshold)
2022-11-20,1,23,10,59,GB,5-year weekly,Google Trends via pytrends,"https://trends.google.com/trends/explore?q=sustainable+boots,hiking+boots,waterproof+boots,vegan+boots&geo=GB&date=today+5-y",29 Jun 2026,'sustainable boots' = 0 throughout (below measurable threshold)
2022-11-27,1,23,9,42,GB,5-year weekly,Google Trends via pytrends,"https://trends.google.com/trends/explore?q=sustainable+boots,hiking+boots,waterproof+boots,vegan+boots&geo=GB&date=today+5-y",29 Jun 2026,'sustainable boots' = 0 throughout (below measurable threshold)
2022-12-04,1,22,10,45,GB,5-year weekly,Google Trends via pytrends,"https://trends.google.com/trends/explore?q=sustainable+boots,hiking+boots,waterproof+boots,vegan+boots&geo=GB&date=today+5-y",29 Jun 2026,'sustainable boots' = 0 throughout (below measurable threshold)
2022-12-11,0,28,10,58,GB,5-year weekly,Google Trends via pytrends,"https://trends.google.com/trends/explore?q=sustainable+boots,hiking+boots,waterproof+boots,vegan+boots&geo=GB&date=today+5-y",29 Jun 2026,'sustainable boots' = 0 throughout (below measurable threshold)
2022-12-18,0,20,8,27,GB,5-year weekly,Google Trends via pytrends,"https://trends.google.com/trends/explore?q=sustainable+boots,hiking+boots,waterproof+boots,vegan+boots&geo=GB&date=today+5-y",29 Jun 2026,'sustainable boots' = 0 throughout (below measurable threshold)
2022-12-25,0,33,10,44,GB,5-year weekly,Google Trends via pytrends,"https://trends.google.com/trends/explore?q=sustainable+boots,hiking+boots,waterproof+boots,vegan+boots&geo=GB&date=today+5-y",29 Jun 2026,'sustainable boots' = 0 throughout (below measurable threshold)
2023-01-01,0,30,5,36,GB,5-year weekly,Google Trends via pytrends,"https://trends.google.com/trends/explore?q=sustainable+boots,hiking+boots,waterproof+boots,vegan+boots&geo=GB&date=today+5-y",29 Jun 2026,'sustainable boots' = 0 throughout (below measurable threshold)
2023-01-08,1,25,6,33,GB,5-year weekly,Google Trends via pytrends,"https://trends.google.com/trends/explore?q=sustainable+boots,hiking+boots,waterproof+boots,vegan+boots&geo=GB&date=today+5-y",29 Jun 2026,'sustainable boots' = 0 throughout (below measurable threshold)
2023-01-15,0,25,5,32,GB,5-year weekly,Google Trends via pytrends,"https://trends.google.com/trends/explore?q=sustainable+boots,hiking+boots,waterproof+boots,vegan+boots&geo=GB&date=today+5-y",29 Jun 2026,'sustainable boots' = 0 throughout (below measurable threshold)
2023-01-22,0,25,7,24,GB,5-year weekly,Google Trends via pytrends,"https://trends.google.com/trends/explore?q=sustainable+boots,hiking+boots,waterproof+boots,vegan+boots&geo=GB&date=today+5-y",29 Jun 2026,'sustainable boots' = 0 throughout (below measurable threshold)
2023-01-29,0,22,5,21,GB,5-year weekly,Google Trends via pytrends,"https://trends.google.com/trends/explore?q=sustainable+boots,hiking+boots,waterproof+boots,vegan+boots&geo=GB&date=today+5-y",29 Jun 2026,'sustainable boots' = 0 throughout (below measurable threshold)
2023-02-05,0,21,5,17,GB,5-year weekly,Google Trends via pytrends,"https://trends.google.com/trends/explore?q=sustainable+boots,hiking+boots,waterproof+boots,vegan+boots&geo=GB&date=today+5-y",29 Jun 2026,'sustainable boots' = 0 throughout (below measurable threshold)
2023-02-12,0,20,5,14,GB,5-year weekly,Google Trends via pytrends,"https://trends.google.com/trends/explore?q=sustainable+boots,hiking+boots,waterproof+boots,vegan+boots&geo=GB&date=today+5-y",29 Jun 2026,'sustainable boots' = 0 throughout (below measurable threshold)
2023-02-19,0,21,4,14,GB,5-year weekly,Google Trends via pytrends,"https://trends.google.com/trends/explore?q=sustainable+boots,hiking+boots,waterproof+boots,vegan+boots&geo=GB&date=today+5-y",29 Jun 2026,'sustainable boots' = 0 throughout (below measurable threshold)
2023-02-26,0,21,4,17,GB,5-year weekly,Google Trends via pytrends,"https://trends.google.com/trends/explore?q=sustainable+boots,hiking+boots,waterproof+boots,vegan+boots&geo=GB&date=today+5-y",29 Jun 2026,'sustainable boots' = 0 throughout (below measurable threshold)
2023-03-05,0,21,5,23,GB,5-year weekly,Google Trends via pytrends,"https://trends.google.com/trends/explore?q=sustainable+boots,hiking+boots,waterproof+boots,vegan+boots&geo=GB&date=today+5-y",29 Jun 2026,'sustainable boots' = 0 throughout (below measurable threshold)
2023-03-12,0,21,5,20,GB,5-year weekly,Google Trends via pytrends,"https://trends.google.com/trends/explore?q=sustainable+boots,hiking+boots,waterproof+boots,vegan+boots&geo=GB&date=today+5-y",29 Jun 2026,'sustainable boots' = 0 throughout (below measurable threshold)
2023-03-19,0,21,5,19,GB,5-year weekly,Google Trends via pytrends,"https://trends.google.com/trends/explore?q=sustainable+boots,hiking+boots,waterproof+boots,vegan+boots&geo=GB&date=today+5-y",29 Jun 2026,'sustainable boots' = 0 throughout (below measurable threshold)
2023-03-26,0,22,4,19,GB,5-year weekly,Google Trends via pytrends,"https://trends.google.com/trends/explore?q=sustainable+boots,hiking+boots,waterproof+boots,vegan+boots&geo=GB&date=today+5-y",29 Jun 2026,'sustainable boots' = 0 throughout (below measurable threshold)
2023-04-02,0,20,3,16,GB,5-year weekly,Google Trends via pytrends,"https://trends.google.com/trends/explore?q=sustainable+boots,hiking+boots,waterproof+boots,vegan+boots&geo=GB&date=today+5-y",29 Jun 2026,'sustainable boots' = 0 throughout (below measurable threshold)
2023-04-09,0,21,4,16,GB,5-year weekly,Google Trends via pytrends,"https://trends.google.com/trends/explore?q=sustainable+boots,hiking+boots,waterproof+boots,vegan+boots&geo=GB&date=today+5-y",29 Jun 2026,'sustainable boots' = 0 throughout (below measurable threshold)
2023-04-16,0,21,4,14,GB,5-year weekly,Google Trends via pytrends,"https://trends.google.com/trends/explore?q=sustainable+boots,hiking+boots,waterproof+boots,vegan+boots&geo=GB&date=today+5-y",29 Jun 2026,'sustainable boots' = 0 throughout (below measurable threshold)
2023-04-23,0,18,3,15,GB,5-year weekly,Google Trends via pytrends,"https://trends.google.com/trends/explore?q=sustainable+boots,hiking+boots,waterproof+boots,vegan+boots&geo=GB&date=today+5-y",29 Jun 2026,'sustainable boots' = 0 throughout (below measurable threshold)
2023-04-30,0,20,3,13,GB,5-year weekly,Google Trends via pytrends,"https://trends.google.com/trends/explore?q=sustainable+boots,hiking+boots,waterproof+boots,vegan+boots&geo=GB&date=today+5-y",29 Jun 2026,'sustainable boots' = 0 throughout (below measurable threshold)
2023-05-07,0,20,3,18,GB,5-year weekly,Google Trends via pytrends,"https://trends.google.com/trends/explore?q=sustainable+boots,hiking+boots,waterproof+boots,vegan+boots&geo=GB&date=today+5-y",29 Jun 2026,'sustainable boots' = 0 throughout (below measurable threshold)
2023-05-14,0,16,3,12,GB,5-year weekly,Google Trends via pytrends,"https://trends.google.com/trends/explore?q=sustainable+boots,hiking+boots,waterproof+boots,vegan+boots&geo=GB&date=today+5-y",29 Jun 2026,'sustainable boots' = 0 throughout (below measurable threshold)
2023-05-21,0,16,2,11,GB,5-year weekly,Google Trends via pytrends,"https://trends.google.com/trends/explore?q=sustainable+boots,hiking+boots,waterproof+boots,vegan+boots&geo=GB&date=today+5-y",29 Jun 2026,'sustainable boots' = 0 throughout (below measurable threshold)
2023-05-28,0,16,3,10,GB,5-year weekly,Google Trends via pytrends,"https://trends.google.com/trends/explore?q=sustainable+boots,hiking+boots,waterproof+boots,vegan+boots&geo=GB&date=today+5-y",29 Jun 2026,'sustainable boots' = 0 throughout (below measurable threshold)
2023-06-04,0,14,3,7,GB,5-year weekly,Google Trends via pytrends,"https://trends.google.com/trends/explore?q=sustainable+boots,hiking+boots,waterproof+boots,vegan+boots&geo=GB&date=today+5-y",29 Jun 2026,'sustainable boots' = 0 throughout (below measurable threshold)
2023-06-11,0,12,2,7,GB,5-year weekly,Google Trends via pytrends,"https://trends.google.com/trends/explore?q=sustainable+boots,hiking+boots,waterproof+boots,vegan+boots&geo=GB&date=today+5-y",29 Jun 2026,'sustainable boots' = 0 throughout (below measurable threshold)
2023-06-18,0,11,3,9,GB,5-year weekly,Google Trends via pytrends,"https://trends.google.com/trends/explore?q=sustainable+boots,hiking+boots,waterproof+boots,vegan+boots&geo=GB&date=today+5-y",29 Jun 2026,'sustainable boots' = 0 throughout (below measurable threshold)
2023-06-25,0,14,2,10,GB,5-year weekly,Google Trends via pytrends,"https://trends.google.com/trends/explore?q=sustainable+boots,hiking+boots,waterproof+boots,vegan+boots&geo=GB&date=today+5-y",29 Jun 2026,'sustainable boots' = 0 throughout (below measurable threshold)
2023-07-02,0,15,3,11,GB,5-year weekly,Google Trends via pytrends,"https://trends.google.com/trends/explore?q=sustainable+boots,hiking+boots,waterproof+boots,vegan+boots&geo=GB&date=today+5-y",29 Jun 2026,'sustainable boots' = 0 throughout (below measurable threshold)
2023-07-09,0,16,3,13,GB,5-year weekly,Google Trends via pytrends,"https://trends.google.com/trends/explore?q=sustainable+boots,hiking+boots,waterproof+boots,vegan+boots&geo=GB&date=today+5-y",29 Jun 2026,'sustainable boots' = 0 throughout (below measurable threshold)
2023-07-16,0,18,3,17,GB,5-year weekly,Google Trends via pytrends,"https://trends.google.com/trends/explore?q=sustainable+boots,hiking+boots,waterproof+boots,vegan+boots&geo=GB&date=today+5-y",29 Jun 2026,'sustainable boots' = 0 throughout (below measurable threshold)
2023-07-23,0,19,4,19,GB,5-year weekly,Google Trends via pytrends,"https://trends.google.com/trends/explore?q=sustainable+boots,hiking+boots,waterproof+boots,vegan+boots&geo=GB&date=today+5-y",29 Jun 2026,'sustainable boots' = 0 throughout (below measurable threshold)
2023-07-30,0,21,3,25,GB,5-year weekly,Google Trends via pytrends,"https://trends.google.com/trends/explore?q=sustainable+boots,hiking+boots,waterproof+boots,vegan+boots&geo=GB&date=today+5-y",29 Jun 2026,'sustainable boots' = 0 throughout (below measurable threshold)
2023-08-06,0,19,3,18,GB,5-year weekly,Google Trends via pytrends,"https://trends.google.com/trends/explore?q=sustainable+boots,hiking+boots,waterproof+boots,vegan+boots&geo=GB&date=today+5-y",29 Jun 2026,'sustainable boots' = 0 throughout (below measurable threshold)
2023-08-13,0,19,4,17,GB,5-year weekly,Google Trends via pytrends,"https://trends.google.com/trends/explore?q=sustainable+boots,hiking+boots,waterproof+boots,vegan+boots&geo=GB&date=today+5-y",29 Jun 2026,'sustainable boots' = 0 throughout (below measurable threshold)
2023-08-20,0,17,4,17,GB,5-year weekly,Google Trends via pytrends,"https://trends.google.com/trends/explore?q=sustainable+boots,hiking+boots,waterproof+boots,vegan+boots&geo=GB&date=today+5-y",29 Jun 2026,'sustainable boots' = 0 throughout (below measurable threshold)
2023-08-27,0,23,4,24,GB,5-year weekly,Google Trends via pytrends,"https://trends.google.com/trends/explore?q=sustainable+boots,hiking+boots,waterproof+boots,vegan+boots&geo=GB&date=today+5-y",29 Jun 2026,'sustainable boots' = 0 throughout (below measurable threshold)
2023-09-03,0,16,4,15,GB,5-year weekly,Google Trends via pytrends,"https://trends.google.com/trends/explore?q=sustainable+boots,hiking+boots,waterproof+boots,vegan+boots&geo=GB&date=today+5-y",29 Jun 2026,'sustainable boots' = 0 throughout (below measurable threshold)
2023-09-10,0,17,4,24,GB,5-year weekly,Google Trends via pytrends,"https://trends.google.com/trends/explore?q=sustainable+boots,hiking+boots,waterproof+boots,vegan+boots&geo=GB&date=today+5-y",29 Jun 2026,'sustainable boots' = 0 throughout (below measurable threshold)
2023-09-17,1,23,6,41,GB,5-year weekly,Google Trends via pytrends,"https://trends.google.com/trends/explore?q=sustainable+boots,hiking+boots,waterproof+boots,vegan+boots&geo=GB&date=today+5-y",29 Jun 2026,'sustainable boots' = 0 throughout (below measurable threshold)
2023-09-24,0,21,6,36,GB,5-year weekly,Google Trends via pytrends,"https://trends.google.com/trends/explore?q=sustainable+boots,hiking+boots,waterproof+boots,vegan+boots&geo=GB&date=today+5-y",29 Jun 2026,'sustainable boots' = 0 throughout (below measurable threshold)
2023-10-01,0,20,6,33,GB,5-year weekly,Google Trends via pytrends,"https://trends.google.com/trends/explore?q=sustainable+boots,hiking+boots,waterproof+boots,vegan+boots&geo=GB&date=today+5-y",29 Jun 2026,'sustainable boots' = 0 throughout (below measurable threshold)
2023-10-08,0,19,5,37,GB,5-year weekly,Google Trends via pytrends,"https://trends.google.com/trends/explore?q=sustainable+boots,hiking+boots,waterproof+boots,vegan+boots&geo=GB&date=today+5-y",29 Jun 2026,'sustainable boots' = 0 throughout (below measurable threshold)
2023-10-15,0,23,7,54,GB,5-year weekly,Google Trends via pytrends,"https://trends.google.com/trends/explore?q=sustainable+boots,hiking+boots,waterproof+boots,vegan+boots&geo=GB&date=today+5-y",29 Jun 2026,'sustainable boots' = 0 throughout (below measurable threshold)
2023-10-22,0,25,6,57,GB,5-year weekly,Google Trends via pytrends,"https://trends.google.com/trends/explore?q=sustainable+boots,hiking+boots,waterproof+boots,vegan+boots&geo=GB&date=today+5-y",29 Jun 2026,'sustainable boots' = 0 throughout (below measurable threshold)
2023-10-29,0,24,6,66,GB,5-year weekly,Google Trends via pytrends,"https://trends.google.com/trends/explore?q=sustainable+boots,hiking+boots,waterproof+boots,vegan+boots&geo=GB&date=today+5-y",29 Jun 2026,'sustainable boots' = 0 throughout (below measurable threshold)
2023-11-05,0,24,6,56,GB,5-year weekly,Google Trends via pytrends,"https://trends.google.com/trends/explore?q=sustainable+boots,hiking+boots,waterproof+boots,vegan+boots&geo=GB&date=today+5-y",29 Jun 2026,'sustainable boots' = 0 throughout (below measurable threshold)
2023-11-12,0,26,7,54,GB,5-year weekly,Google Trends via pytrends,"https://trends.google.com/trends/explore?q=sustainable+boots,hiking+boots,waterproof+boots,vegan+boots&geo=GB&date=today+5-y",29 Jun 2026,'sustainable boots' = 0 throughout (below measurable threshold)
2023-11-19,0,28,8,49,GB,5-year weekly,Google Trends via pytrends,"https://trends.google.com/trends/explore?q=sustainable+boots,hiking+boots,waterproof+boots,vegan+boots&geo=GB&date=today+5-y",29 Jun 2026,'sustainable boots' = 0 throughout (below measurable threshold)
2023-11-26,0,28,8,57,GB,5-year weekly,Google Trends via pytrends,"https://trends.google.com/trends/explore?q=sustainable+boots,hiking+boots,waterproof+boots,vegan+boots&geo=GB&date=today+5-y",29 Jun 2026,'sustainable boots' = 0 throughout (below measurable threshold)
2023-12-03,0,27,8,54,GB,5-year weekly,Google Trends via pytrends,"https://trends.google.com/trends/explore?q=sustainable+boots,hiking+boots,waterproof+boots,vegan+boots&geo=GB&date=today+5-y",29 Jun 2026,'sustainable boots' = 0 throughout (below measurable threshold)
2023-12-10,0,22,7,40,GB,5-year weekly,Google Trends via pytrends,"https://trends.google.com/trends/explore?q=sustainable+boots,hiking+boots,waterproof+boots,vegan+boots&geo=GB&date=today+5-y",29 Jun 2026,'sustainable boots' = 0 throughout (below measurable threshold)
2023-12-17,0,19,6,23,GB,5-year weekly,Google Trends via pytrends,"https://trends.google.com/trends/explore?q=sustainable+boots,hiking+boots,waterproof+boots,vegan+boots&geo=GB&date=today+5-y",29 Jun 2026,'sustainable boots' = 0 throughout (below measurable threshold)
2023-12-24,0,30,7,41,GB,5-year weekly,Google Trends via pytrends,"https://trends.google.com/trends/explore?q=sustainable+boots,hiking+boots,waterproof+boots,vegan+boots&geo=GB&date=today+5-y",29 Jun 2026,'sustainable boots' = 0 throughout (below measurable threshold)
2023-12-31,0,33,5,45,GB,5-year weekly,Google Trends via pytrends,"https://trends.google.com/trends/explore?q=sustainable+boots,hiking+boots,waterproof+boots,vegan+boots&geo=GB&date=today+5-y",29 Jun 2026,'sustainable boots' = 0 throughout (below measurable threshold)
2024-01-07,0,29,4,37,GB,5-year weekly,Google Trends via pytrends,"https://trends.google.com/trends/explore?q=sustainable+boots,hiking+boots,waterproof+boots,vegan+boots&geo=GB&date=today+5-y",29 Jun 2026,'sustainable boots' = 0 throughout (below measurable threshold)
2024-01-14,0,27,5,33,GB,5-year weekly,Google Trends via pytrends,"https://trends.google.com/trends/explore?q=sustainable+boots,hiking+boots,waterproof+boots,vegan+boots&geo=GB&date=today+5-y",29 Jun 2026,'sustainable boots' = 0 throughout (below measurable threshold)
2024-01-21,0,25,4,23,GB,5-year weekly,Google Trends via pytrends,"https://trends.google.com/trends/explore?q=sustainable+boots,hiking+boots,waterproof+boots,vegan+boots&geo=GB&date=today+5-y",29 Jun 2026,'sustainable boots' = 0 throughout (below measurable threshold)
2024-01-28,0,22,5,22,GB,5-year weekly,Google Trends via pytrends,"https://trends.google.com/trends/explore?q=sustainable+boots,hiking+boots,waterproof+boots,vegan+boots&geo=GB&date=today+5-y",29 Jun 2026,'sustainable boots' = 0 throughout (below measurable threshold)
2024-02-04,0,22,3,24,GB,5-year weekly,Google Trends via pytrends,"https://trends.google.com/trends/explore?q=sustainable+boots,hiking+boots,waterproof+boots,vegan+boots&geo=GB&date=today+5-y",29 Jun 2026,'sustainable boots' = 0 throughout (below measurable threshold)
2024-02-11,0,24,4,23,GB,5-year weekly,Google Trends via pytrends,"https://trends.google.com/trends/explore?q=sustainable+boots,hiking+boots,waterproof+boots,vegan+boots&geo=GB&date=today+5-y",29 Jun 2026,'sustainable boots' = 0 throughout (below measurable threshold)
2024-02-18,0,24,3,24,GB,5-year weekly,Google Trends via pytrends,"https://trends.google.com/trends/explore?q=sustainable+boots,hiking+boots,waterproof+boots,vegan+boots&geo=GB&date=today+5-y",29 Jun 2026,'sustainable boots' = 0 throughout (below measurable threshold)
2024-02-25,0,26,4,26,GB,5-year weekly,Google Trends via pytrends,"https://trends.google.com/trends/explore?q=sustainable+boots,hiking+boots,waterproof+boots,vegan+boots&geo=GB&date=today+5-y",29 Jun 2026,'sustainable boots' = 0 throughout (below measurable threshold)
2024-03-03,0,23,4,20,GB,5-year weekly,Google Trends via pytrends,"https://trends.google.com/trends/explore?q=sustainable+boots,hiking+boots,waterproof+boots,vegan+boots&geo=GB&date=today+5-y",29 Jun 2026,'sustainable boots' = 0 throughout (below measurable threshold)
2024-03-10,0,22,4,21,GB,5-year weekly,Google Trends via pytrends,"https://trends.google.com/trends/explore?q=sustainable+boots,hiking+boots,waterproof+boots,vegan+boots&geo=GB&date=today+5-y",29 Jun 2026,'sustainable boots' = 0 throughout (below measurable threshold)
2024-03-17,0,25,3,19,GB,5-year weekly,Google Trends via pytrends,"https://trends.google.com/trends/explore?q=sustainable+boots,hiking+boots,waterproof+boots,vegan+boots&geo=GB&date=today+5-y",29 Jun 2026,'sustainable boots' = 0 throughout (below measurable threshold)
2024-03-24,0,25,3,21,GB,5-year weekly,Google Trends via pytrends,"https://trends.google.com/trends/explore?q=sustainable+boots,hiking+boots,waterproof+boots,vegan+boots&geo=GB&date=today+5-y",29 Jun 2026,'sustainable boots' = 0 throughout (below measurable threshold)
2024-03-31,0,25,4,22,GB,5-year weekly,Google Trends via pytrends,"https://trends.google.com/trends/explore?q=sustainable+boots,hiking+boots,waterproof+boots,vegan+boots&geo=GB&date=today+5-y",29 Jun 2026,'sustainable boots' = 0 throughout (below measurable threshold)
2024-04-07,0,22,3,17,GB,5-year weekly,Google Trends via pytrends,"https://trends.google.com/trends/explore?q=sustainable+boots,hiking+boots,waterproof+boots,vegan+boots&geo=GB&date=today+5-y",29 Jun 2026,'sustainable boots' = 0 throughout (below measurable threshold)
2024-04-14,0,22,2,16,GB,5-year weekly,Google Trends via pytrends,"https://trends.google.com/trends/explore?q=sustainable+boots,hiking+boots,waterproof+boots,vegan+boots&geo=GB&date=today+5-y",29 Jun 2026,'sustainable boots' = 0 throughout (below measurable threshold)
2024-04-21,0,21,3,16,GB,5-year weekly,Google Trends via pytrends,"https://trends.google.com/trends/explore?q=sustainable+boots,hiking+boots,waterproof+boots,vegan+boots&geo=GB&date=today+5-y",29 Jun 2026,'sustainable boots' = 0 throughout (below measurable threshold)
2024-04-28,0,20,3,16,GB,5-year weekly,Google Trends via pytrends,"https://trends.google.com/trends/explore?q=sustainable+boots,hiking+boots,waterproof+boots,vegan+boots&geo=GB&date=today+5-y",29 Jun 2026,'sustainable boots' = 0 throughout (below measurable threshold)
2024-05-05,0,20,3,15,GB,5-year weekly,Google Trends via pytrends,"https://trends.google.com/trends/explore?q=sustainable+boots,hiking+boots,waterproof+boots,vegan+boots&geo=GB&date=today+5-y",29 Jun 2026,'sustainable boots' = 0 throughout (below measurable threshold)
2024-05-12,0,16,3,12,GB,5-year weekly,Google Trends via pytrends,"https://trends.google.com/trends/explore?q=sustainable+boots,hiking+boots,waterproof+boots,vegan+boots&geo=GB&date=today+5-y",29 Jun 2026,'sustainable boots' = 0 throughout (below measurable threshold)
2024-05-19,0,17,3,14,GB,5-year weekly,Google Trends via pytrends,"https://trends.google.com/trends/explore?q=sustainable+boots,hiking+boots,waterproof+boots,vegan+boots&geo=GB&date=today+5-y",29 Jun 2026,'sustainable boots' = 0 throughout (below measurable threshold)
2024-05-26,0,22,3,17,GB,5-year weekly,Google Trends via pytrends,"https://trends.google.com/trends/explore?q=sustainable+boots,hiking+boots,waterproof+boots,vegan+boots&geo=GB&date=today+5-y",29 Jun 2026,'sustainable boots' = 0 throughout (below measurable threshold)
2024-06-02,0,18,3,15,GB,5-year weekly,Google Trends via pytrends,"https://trends.google.com/trends/explore?q=sustainable+boots,hiking+boots,waterproof+boots,vegan+boots&geo=GB&date=today+5-y",29 Jun 2026,'sustainable boots' = 0 throughout (below measurable threshold)
2024-06-09,0,21,2,17,GB,5-year weekly,Google Trends via pytrends,"https://trends.google.com/trends/explore?q=sustainable+boots,hiking+boots,waterproof+boots,vegan+boots&geo=GB&date=today+5-y",29 Jun 2026,'sustainable boots' = 0 throughout (below measurable threshold)
2024-06-16,0,17,2,14,GB,5-year weekly,Google Trends via pytrends,"https://trends.google.com/trends/explore?q=sustainable+boots,hiking+boots,waterproof+boots,vegan+boots&geo=GB&date=today+5-y",29 Jun 2026,'sustainable boots' = 0 throughout (below measurable threshold)
2024-06-23,1,13,3,10,GB,5-year weekly,Google Trends via pytrends,"https://trends.google.com/trends/explore?q=sustainable+boots,hiking+boots,waterproof+boots,vegan+boots&geo=GB&date=today+5-y",29 Jun 2026,'sustainable boots' = 0 throughout (below measurable threshold)
2024-06-30,0,16,2,12,GB,5-year weekly,Google Trends via pytrends,"https://trends.google.com/trends/explore?q=sustainable+boots,hiking+boots,waterproof+boots,vegan+boots&geo=GB&date=today+5-y",29 Jun 2026,'sustainable boots' = 0 throughout (below measurable threshold)
2024-07-07,0,18,3,15,GB,5-year weekly,Google Trends via pytrends,"https://trends.google.com/trends/explore?q=sustainable+boots,hiking+boots,waterproof+boots,vegan+boots&geo=GB&date=today+5-y",29 Jun 2026,'sustainable boots' = 0 throughout (below measurable threshold)
2024-07-14,0,18,3,15,GB,5-year weekly,Google Trends via pytrends,"https://trends.google.com/trends/explore?q=sustainable+boots,hiking+boots,waterproof+boots,vegan+boots&geo=GB&date=today+5-y",29 Jun 2026,'sustainable boots' = 0 throughout (below measurable threshold)
2024-07-21,0,17,2,14,GB,5-year weekly,Google Trends via pytrends,"https://trends.google.com/trends/explore?q=sustainable+boots,hiking+boots,waterproof+boots,vegan+boots&geo=GB&date=today+5-y",29 Jun 2026,'sustainable boots' = 0 throughout (below measurable threshold)
2024-07-28,0,16,2,11,GB,5-year weekly,Google Trends via pytrends,"https://trends.google.com/trends/explore?q=sustainable+boots,hiking+boots,waterproof+boots,vegan+boots&geo=GB&date=today+5-y",29 Jun 2026,'sustainable boots' = 0 throughout (below measurable threshold)
2024-08-04,0,18,2,14,GB,5-year weekly,Google Trends via pytrends,"https://trends.google.com/trends/explore?q=sustainable+boots,hiking+boots,waterproof+boots,vegan+boots&geo=GB&date=today+5-y",29 Jun 2026,'sustainable boots' = 0 throughout (below measurable threshold)
2024-08-11,0,17,2,13,GB,5-year weekly,Google Trends via pytrends,"https://trends.google.com/trends/explore?q=sustainable+boots,hiking+boots,waterproof+boots,vegan+boots&geo=GB&date=today+5-y",29 Jun 2026,'sustainable boots' = 0 throughout (below measurable threshold)
2024-08-18,0,21,3,20,GB,5-year weekly,Google Trends via pytrends,"https://trends.google.com/trends/explore?q=sustainable+boots,hiking+boots,waterproof+boots,vegan+boots&geo=GB&date=today+5-y",29 Jun 2026,'sustainable boots' = 0 throughout (below measurable threshold)
2024-08-25,0,21,3,25,GB,5-year weekly,Google Trends via pytrends,"https://trends.google.com/trends/explore?q=sustainable+boots,hiking+boots,waterproof+boots,vegan+boots&geo=GB&date=today+5-y",29 Jun 2026,'sustainable boots' = 0 throughout (below measurable threshold)
2024-09-01,0,21,4,34,GB,5-year weekly,Google Trends via pytrends,"https://trends.google.com/trends/explore?q=sustainable+boots,hiking+boots,waterproof+boots,vegan+boots&geo=GB&date=today+5-y",29 Jun 2026,'sustainable boots' = 0 throughout (below measurable threshold)
2024-09-08,0,24,5,40,GB,5-year weekly,Google Trends via pytrends,"https://trends.google.com/trends/explore?q=sustainable+boots,hiking+boots,waterproof+boots,vegan+boots&geo=GB&date=today+5-y",29 Jun 2026,'sustainable boots' = 0 throughout (below measurable threshold)
2024-09-15,0,22,5,26,GB,5-year weekly,Google Trends via pytrends,"https://trends.google.com/trends/explore?q=sustainable+boots,hiking+boots,waterproof+boots,vegan+boots&geo=GB&date=today+5-y",29 Jun 2026,'sustainable boots' = 0 throughout (below measurable threshold)
2024-09-22,0,26,5,52,GB,5-year weekly,Google Trends via pytrends,"https://trends.google.com/trends/explore?q=sustainable+boots,hiking+boots,waterproof+boots,vegan+boots&geo=GB&date=today+5-y",29 Jun 2026,'sustainable boots' = 0 throughout (below measurable threshold)
2024-09-29,0,26,7,54,GB,5-year weekly,Google Trends via pytrends,"https://trends.google.com/trends/explore?q=sustainable+boots,hiking+boots,waterproof+boots,vegan+boots&geo=GB&date=today+5-y",29 Jun 2026,'sustainable boots' = 0 throughout (below measurable threshold)
2024-10-06,0,27,5,49,GB,5-year weekly,Google Trends via pytrends,"https://trends.google.com/trends/explore?q=sustainable+boots,hiking+boots,waterproof+boots,vegan+boots&geo=GB&date=today+5-y",29 Jun 2026,'sustainable boots' = 0 throughout (below measurable threshold)
2024-10-13,0,25,5,48,GB,5-year weekly,Google Trends via pytrends,"https://trends.google.com/trends/explore?q=sustainable+boots,hiking+boots,waterproof+boots,vegan+boots&geo=GB&date=today+5-y",29 Jun 2026,'sustainable boots' = 0 throughout (below measurable threshold)
2024-10-20,0,25,5,41,GB,5-year weekly,Google Trends via pytrends,"https://trends.google.com/trends/explore?q=sustainable+boots,hiking+boots,waterproof+boots,vegan+boots&geo=GB&date=today+5-y",29 Jun 2026,'sustainable boots' = 0 throughout (below measurable threshold)
2024-10-27,0,26,6,38,GB,5-year weekly,Google Trends via pytrends,"https://trends.google.com/trends/explore?q=sustainable+boots,hiking+boots,waterproof+boots,vegan+boots&geo=GB&date=today+5-y",29 Jun 2026,'sustainable boots' = 0 throughout (below measurable threshold)
2024-11-03,0,20,5,34,GB,5-year weekly,Google Trends via pytrends,"https://trends.google.com/trends/explore?q=sustainable+boots,hiking+boots,waterproof+boots,vegan+boots&geo=GB&date=today+5-y",29 Jun 2026,'sustainable boots' = 0 throughout (below measurable threshold)
2024-11-10,0,24,6,40,GB,5-year weekly,Google Trends via pytrends,"https://trends.google.com/trends/explore?q=sustainable+boots,hiking+boots,waterproof+boots,vegan+boots&geo=GB&date=today+5-y",29 Jun 2026,'sustainable boots' = 0 throughout (below measurable threshold)
2024-11-17,0,31,9,71,GB,5-year weekly,Google Trends via pytrends,"https://trends.google.com/trends/explore?q=sustainable+boots,hiking+boots,waterproof+boots,vegan+boots&geo=GB&date=today+5-y",29 Jun 2026,'sustainable boots' = 0 throughout (below measurable threshold)
2024-11-24,1,29,6,56,GB,5-year weekly,Google Trends via pytrends,"https://trends.google.com/trends/explore?q=sustainable+boots,hiking+boots,waterproof+boots,vegan+boots&geo=GB&date=today+5-y",29 Jun 2026,'sustainable boots' = 0 throughout (below measurable threshold)
2024-12-01,0,24,5,44,GB,5-year weekly,Google Trends via pytrends,"https://trends.google.com/trends/explore?q=sustainable+boots,hiking+boots,waterproof+boots,vegan+boots&geo=GB&date=today+5-y",29 Jun 2026,'sustainable boots' = 0 throughout (below measurable threshold)
2024-12-08,0,23,5,39,GB,5-year weekly,Google Trends via pytrends,"https://trends.google.com/trends/explore?q=sustainable+boots,hiking+boots,waterproof+boots,vegan+boots&geo=GB&date=today+5-y",29 Jun 2026,'sustainable boots' = 0 throughout (below measurable threshold)
2024-12-15,0,22,6,29,GB,5-year weekly,Google Trends via pytrends,"https://trends.google.com/trends/explore?q=sustainable+boots,hiking+boots,waterproof+boots,vegan+boots&geo=GB&date=today+5-y",29 Jun 2026,'sustainable boots' = 0 throughout (below measurable threshold)
2024-12-22,0,30,6,34,GB,5-year weekly,Google Trends via pytrends,"https://trends.google.com/trends/explore?q=sustainable+boots,hiking+boots,waterproof+boots,vegan+boots&geo=GB&date=today+5-y",29 Jun 2026,'sustainable boots' = 0 throughout (below measurable threshold)
2024-12-29,0,41,6,46,GB,5-year weekly,Google Trends via pytrends,"https://trends.google.com/trends/explore?q=sustainable+boots,hiking+boots,waterproof+boots,vegan+boots&geo=GB&date=today+5-y",29 Jun 2026,'sustainable boots' = 0 throughout (below measurable threshold)
2025-01-05,0,45,4,59,GB,5-year weekly,Google Trends via pytrends,"https://trends.google.com/trends/explore?q=sustainable+boots,hiking+boots,waterproof+boots,vegan+boots&geo=GB&date=today+5-y",29 Jun 2026,'sustainable boots' = 0 throughout (below measurable threshold)
2025-01-12,0,34,4,34,GB,5-year weekly,Google Trends via pytrends,"https://trends.google.com/trends/explore?q=sustainable+boots,hiking+boots,waterproof+boots,vegan+boots&geo=GB&date=today+5-y",29 Jun 2026,'sustainable boots' = 0 throughout (below measurable threshold)
2025-01-19,0,27,3,29,GB,5-year weekly,Google Trends via pytrends,"https://trends.google.com/trends/explore?q=sustainable+boots,hiking+boots,waterproof+boots,vegan+boots&geo=GB&date=today+5-y",29 Jun 2026,'sustainable boots' = 0 throughout (below measurable threshold)
2025-01-26,0,26,3,28,GB,5-year weekly,Google Trends via pytrends,"https://trends.google.com/trends/explore?q=sustainable+boots,hiking+boots,waterproof+boots,vegan+boots&geo=GB&date=today+5-y",29 Jun 2026,'sustainable boots' = 0 throughout (below measurable threshold)
2025-02-02,0,28,3,24,GB,5-year weekly,Google Trends via pytrends,"https://trends.google.com/trends/explore?q=sustainable+boots,hiking+boots,waterproof+boots,vegan+boots&geo=GB&date=today+5-y",29 Jun 2026,'sustainable boots' = 0 throughout (below measurable threshold)
2025-02-09,0,25,4,23,GB,5-year weekly,Google Trends via pytrends,"https://trends.google.com/trends/explore?q=sustainable+boots,hiking+boots,waterproof+boots,vegan+boots&geo=GB&date=today+5-y",29 Jun 2026,'sustainable boots' = 0 throughout (below measurable threshold)
2025-02-16,0,22,3,22,GB,5-year weekly,Google Trends via pytrends,"https://trends.google.com/trends/explore?q=sustainable+boots,hiking+boots,waterproof+boots,vegan+boots&geo=GB&date=today+5-y",29 Jun 2026,'sustainable boots' = 0 throughout (below measurable threshold)
2025-02-23,0,22,2,21,GB,5-year weekly,Google Trends via pytrends,"https://trends.google.com/trends/explore?q=sustainable+boots,hiking+boots,waterproof+boots,vegan+boots&geo=GB&date=today+5-y",29 Jun 2026,'sustainable boots' = 0 throughout (below measurable threshold)
2025-03-02,0,23,3,17,GB,5-year weekly,Google Trends via pytrends,"https://trends.google.com/trends/explore?q=sustainable+boots,hiking+boots,waterproof+boots,vegan+boots&geo=GB&date=today+5-y",29 Jun 2026,'sustainable boots' = 0 throughout (below measurable threshold)
2025-03-09,0,22,3,15,GB,5-year weekly,Google Trends via pytrends,"https://trends.google.com/trends/explore?q=sustainable+boots,hiking+boots,waterproof+boots,vegan+boots&geo=GB&date=today+5-y",29 Jun 2026,'sustainable boots' = 0 throughout (below measurable threshold)
2025-03-16,0,22,3,14,GB,5-year weekly,Google Trends via pytrends,"https://trends.google.com/trends/explore?q=sustainable+boots,hiking+boots,waterproof+boots,vegan+boots&geo=GB&date=today+5-y",29 Jun 2026,'sustainable boots' = 0 throughout (below measurable threshold)
2025-03-23,0,19,2,13,GB,5-year weekly,Google Trends via pytrends,"https://trends.google.com/trends/explore?q=sustainable+boots,hiking+boots,waterproof+boots,vegan+boots&geo=GB&date=today+5-y",29 Jun 2026,'sustainable boots' = 0 throughout (below measurable threshold)
2025-03-30,0,18,2,10,GB,5-year weekly,Google Trends via pytrends,"https://trends.google.com/trends/explore?q=sustainable+boots,hiking+boots,waterproof+boots,vegan+boots&geo=GB&date=today+5-y",29 Jun 2026,'sustainable boots' = 0 throughout (below measurable threshold)
2025-04-06,0,17,2,11,GB,5-year weekly,Google Trends via pytrends,"https://trends.google.com/trends/explore?q=sustainable+boots,hiking+boots,waterproof+boots,vegan+boots&geo=GB&date=today+5-y",29 Jun 2026,'sustainable boots' = 0 throughout (below measurable threshold)
2025-04-13,0,21,2,12,GB,5-year weekly,Google Trends via pytrends,"https://trends.google.com/trends/explore?q=sustainable+boots,hiking+boots,waterproof+boots,vegan+boots&geo=GB&date=today+5-y",29 Jun 2026,'sustainable boots' = 0 throughout (below measurable threshold)
2025-04-20,0,23,2,14,GB,5-year weekly,Google Trends via pytrends,"https://trends.google.com/trends/explore?q=sustainable+boots,hiking+boots,waterproof+boots,vegan+boots&geo=GB&date=today+5-y",29 Jun 2026,'sustainable boots' = 0 throughout (below measurable threshold)
2025-04-27,0,19,3,10,GB,5-year weekly,Google Trends via pytrends,"https://trends.google.com/trends/explore?q=sustainable+boots,hiking+boots,waterproof+boots,vegan+boots&geo=GB&date=today+5-y",29 Jun 2026,'sustainable boots' = 0 throughout (below measurable threshold)
2025-05-04,0,20,3,11,GB,5-year weekly,Google Trends via pytrends,"https://trends.google.com/trends/explore?q=sustainable+boots,hiking+boots,waterproof+boots,vegan+boots&geo=GB&date=today+5-y",29 Jun 2026,'sustainable boots' = 0 throughout (below measurable threshold)
2025-05-11,1,17,2,9,GB,5-year weekly,Google Trends via pytrends,"https://trends.google.com/trends/explore?q=sustainable+boots,hiking+boots,waterproof+boots,vegan+boots&geo=GB&date=today+5-y",29 Jun 2026,'sustainable boots' = 0 throughout (below measurable threshold)
2025-05-18,0,18,2,10,GB,5-year weekly,Google Trends via pytrends,"https://trends.google.com/trends/explore?q=sustainable+boots,hiking+boots,waterproof+boots,vegan+boots&geo=GB&date=today+5-y",29 Jun 2026,'sustainable boots' = 0 throughout (below measurable threshold)
2025-05-25,0,19,2,14,GB,5-year weekly,Google Trends via pytrends,"https://trends.google.com/trends/explore?q=sustainable+boots,hiking+boots,waterproof+boots,vegan+boots&geo=GB&date=today+5-y",29 Jun 2026,'sustainable boots' = 0 throughout (below measurable threshold)
2025-06-01,0,19,2,16,GB,5-year weekly,Google Trends via pytrends,"https://trends.google.com/trends/explore?q=sustainable+boots,hiking+boots,waterproof+boots,vegan+boots&geo=GB&date=today+5-y",29 Jun 2026,'sustainable boots' = 0 throughout (below measurable threshold)
2025-06-08,0,18,2,14,GB,5-year weekly,Google Trends via pytrends,"https://trends.google.com/trends/explore?q=sustainable+boots,hiking+boots,waterproof+boots,vegan+boots&geo=GB&date=today+5-y",29 Jun 2026,'sustainable boots' = 0 throughout (below measurable threshold)
2025-06-15,0,16,2,10,GB,5-year weekly,Google Trends via pytrends,"https://trends.google.com/trends/explore?q=sustainable+boots,hiking+boots,waterproof+boots,vegan+boots&geo=GB&date=today+5-y",29 Jun 2026,'sustainable boots' = 0 throughout (below measurable threshold)
2025-06-22,0,15,2,10,GB,5-year weekly,Google Trends via pytrends,"https://trends.google.com/trends/explore?q=sustainable+boots,hiking+boots,waterproof+boots,vegan+boots&geo=GB&date=today+5-y",29 Jun 2026,'sustainable boots' = 0 throughout (below measurable threshold)
2025-06-29,0,15,2,11,GB,5-year weekly,Google Trends via pytrends,"https://trends.google.com/trends/explore?q=sustainable+boots,hiking+boots,waterproof+boots,vegan+boots&geo=GB&date=today+5-y",29 Jun 2026,'sustainable boots' = 0 throughout (below measurable threshold)
2025-07-06,0,16,2,11,GB,5-year weekly,Google Trends via pytrends,"https://trends.google.com/trends/explore?q=sustainable+boots,hiking+boots,waterproof+boots,vegan+boots&geo=GB&date=today+5-y",29 Jun 2026,'sustainable boots' = 0 throughout (below measurable threshold)
2025-07-13,0,17,2,12,GB,5-year weekly,Google Trends via pytrends,"https://trends.google.com/trends/explore?q=sustainable+boots,hiking+boots,waterproof+boots,vegan+boots&geo=GB&date=today+5-y",29 Jun 2026,'sustainable boots' = 0 throughout (below measurable threshold)
2025-07-20,0,19,3,15,GB,5-year weekly,Google Trends via pytrends,"https://trends.google.com/trends/explore?q=sustainable+boots,hiking+boots,waterproof+boots,vegan+boots&geo=GB&date=today+5-y",29 Jun 2026,'sustainable boots' = 0 throughout (below measurable threshold)
2025-07-27,0,23,2,17,GB,5-year weekly,Google Trends via pytrends,"https://trends.google.com/trends/explore?q=sustainable+boots,hiking+boots,waterproof+boots,vegan+boots&geo=GB&date=today+5-y",29 Jun 2026,'sustainable boots' = 0 throughout (below measurable threshold)
2025-08-03,0,21,2,16,GB,5-year weekly,Google Trends via pytrends,"https://trends.google.com/trends/explore?q=sustainable+boots,hiking+boots,waterproof+boots,vegan+boots&geo=GB&date=today+5-y",29 Jun 2026,'sustainable boots' = 0 throughout (below measurable threshold)
2025-08-10,0,19,2,12,GB,5-year weekly,Google Trends via pytrends,"https://trends.google.com/trends/explore?q=sustainable+boots,hiking+boots,waterproof+boots,vegan+boots&geo=GB&date=today+5-y",29 Jun 2026,'sustainable boots' = 0 throughout (below measurable threshold)
2025-08-17,0,21,3,15,GB,5-year weekly,Google Trends via pytrends,"https://trends.google.com/trends/explore?q=sustainable+boots,hiking+boots,waterproof+boots,vegan+boots&geo=GB&date=today+5-y",29 Jun 2026,'sustainable boots' = 0 throughout (below measurable threshold)
2025-08-24,0,23,2,23,GB,5-year weekly,Google Trends via pytrends,"https://trends.google.com/trends/explore?q=sustainable+boots,hiking+boots,waterproof+boots,vegan+boots&geo=GB&date=today+5-y",29 Jun 2026,'sustainable boots' = 0 throughout (below measurable threshold)
2025-08-31,1,24,4,36,GB,5-year weekly,Google Trends via pytrends,"https://trends.google.com/trends/explore?q=sustainable+boots,hiking+boots,waterproof+boots,vegan+boots&geo=GB&date=today+5-y",29 Jun 2026,'sustainable boots' = 0 throughout (below measurable threshold)
2025-09-07,0,24,5,37,GB,5-year weekly,Google Trends via pytrends,"https://trends.google.com/trends/explore?q=sustainable+boots,hiking+boots,waterproof+boots,vegan+boots&geo=GB&date=today+5-y",29 Jun 2026,'sustainable boots' = 0 throughout (below measurable threshold)
2025-09-14,0,25,5,44,GB,5-year weekly,Google Trends via pytrends,"https://trends.google.com/trends/explore?q=sustainable+boots,hiking+boots,waterproof+boots,vegan+boots&geo=GB&date=today+5-y",29 Jun 2026,'sustainable boots' = 0 throughout (below measurable threshold)
2025-09-21,0,25,5,37,GB,5-year weekly,Google Trends via pytrends,"https://trends.google.com/trends/explore?q=sustainable+boots,hiking+boots,waterproof+boots,vegan+boots&geo=GB&date=today+5-y",29 Jun 2026,'sustainable boots' = 0 throughout (below measurable threshold)
2025-09-28,0,25,5,41,GB,5-year weekly,Google Trends via pytrends,"https://trends.google.com/trends/explore?q=sustainable+boots,hiking+boots,waterproof+boots,vegan+boots&geo=GB&date=today+5-y",29 Jun 2026,'sustainable boots' = 0 throughout (below measurable threshold)
2025-10-05,0,24,4,31,GB,5-year weekly,Google Trends via pytrends,"https://trends.google.com/trends/explore?q=sustainable+boots,hiking+boots,waterproof+boots,vegan+boots&geo=GB&date=today+5-y",29 Jun 2026,'sustainable boots' = 0 throughout (below measurable threshold)
2025-10-12,0,25,4,32,GB,5-year weekly,Google Trends via pytrends,"https://trends.google.com/trends/explore?q=sustainable+boots,hiking+boots,waterproof+boots,vegan+boots&geo=GB&date=today+5-y",29 Jun 2026,'sustainable boots' = 0 throughout (below measurable threshold)
2025-10-19,0,26,6,50,GB,5-year weekly,Google Trends via pytrends,"https://trends.google.com/trends/explore?q=sustainable+boots,hiking+boots,waterproof+boots,vegan+boots&geo=GB&date=today+5-y",29 Jun 2026,'sustainable boots' = 0 throughout (below measurable threshold)
2025-10-26,0,27,5,45,GB,5-year weekly,Google Trends via pytrends,"https://trends.google.com/trends/explore?q=sustainable+boots,hiking+boots,waterproof+boots,vegan+boots&geo=GB&date=today+5-y",29 Jun 2026,'sustainable boots' = 0 throughout (below measurable threshold)
2025-11-02,0,26,4,46,GB,5-year weekly,Google Trends via pytrends,"https://trends.google.com/trends/explore?q=sustainable+boots,hiking+boots,waterproof+boots,vegan+boots&geo=GB&date=today+5-y",29 Jun 2026,'sustainable boots' = 0 throughout (below measurable threshold)
2025-11-09,0,27,6,64,GB,5-year weekly,Google Trends via pytrends,"https://trends.google.com/trends/explore?q=sustainable+boots,hiking+boots,waterproof+boots,vegan+boots&geo=GB&date=today+5-y",29 Jun 2026,'sustainable boots' = 0 throughout (below measurable threshold)
2025-11-16,1,34,7,74,GB,5-year weekly,Google Trends via pytrends,"https://trends.google.com/trends/explore?q=sustainable+boots,hiking+boots,waterproof+boots,vegan+boots&geo=GB&date=today+5-y",29 Jun 2026,'sustainable boots' = 0 throughout (below measurable threshold)
2025-11-23,0,35,7,67,GB,5-year weekly,Google Trends via pytrends,"https://trends.google.com/trends/explore?q=sustainable+boots,hiking+boots,waterproof+boots,vegan+boots&geo=GB&date=today+5-y",29 Jun 2026,'sustainable boots' = 0 throughout (below measurable threshold)
2025-11-30,0,29,6,57,GB,5-year weekly,Google Trends via pytrends,"https://trends.google.com/trends/explore?q=sustainable+boots,hiking+boots,waterproof+boots,vegan+boots&geo=GB&date=today+5-y",29 Jun 2026,'sustainable boots' = 0 throughout (below measurable threshold)
2025-12-07,0,26,6,47,GB,5-year weekly,Google Trends via pytrends,"https://trends.google.com/trends/explore?q=sustainable+boots,hiking+boots,waterproof+boots,vegan+boots&geo=GB&date=today+5-y",29 Jun 2026,'sustainable boots' = 0 throughout (below measurable threshold)
2025-12-14,0,25,6,44,GB,5-year weekly,Google Trends via pytrends,"https://trends.google.com/trends/explore?q=sustainable+boots,hiking+boots,waterproof+boots,vegan+boots&geo=GB&date=today+5-y",29 Jun 2026,'sustainable boots' = 0 throughout (below measurable threshold)
2025-12-21,0,30,5,40,GB,5-year weekly,Google Trends via pytrends,"https://trends.google.com/trends/explore?q=sustainable+boots,hiking+boots,waterproof+boots,vegan+boots&geo=GB&date=today+5-y",29 Jun 2026,'sustainable boots' = 0 throughout (below measurable threshold)
2025-12-28,0,46,4,52,GB,5-year weekly,Google Trends via pytrends,"https://trends.google.com/trends/explore?q=sustainable+boots,hiking+boots,waterproof+boots,vegan+boots&geo=GB&date=today+5-y",29 Jun 2026,'sustainable boots' = 0 throughout (below measurable threshold)
2026-01-04,0,45,4,62,GB,5-year weekly,Google Trends via pytrends,"https://trends.google.com/trends/explore?q=sustainable+boots,hiking+boots,waterproof+boots,vegan+boots&geo=GB&date=today+5-y",29 Jun 2026,'sustainable boots' = 0 throughout (below measurable threshold)
2026-01-11,0,34,4,43,GB,5-year weekly,Google Trends via pytrends,"https://trends.google.com/trends/explore?q=sustainable+boots,hiking+boots,waterproof+boots,vegan+boots&geo=GB&date=today+5-y",29 Jun 2026,'sustainable boots' = 0 throughout (below measurable threshold)
2026-01-18,0,36,3,42,GB,5-year weekly,Google Trends via pytrends,"https://trends.google.com/trends/explore?q=sustainable+boots,hiking+boots,waterproof+boots,vegan+boots&geo=GB&date=today+5-y",29 Jun 2026,'sustainable boots' = 0 throughout (below measurable threshold)
2026-01-25,0,36,3,43,GB,5-year weekly,Google Trends via pytrends,"https://trends.google.com/trends/explore?q=sustainable+boots,hiking+boots,waterproof+boots,vegan+boots&geo=GB&date=today+5-y",29 Jun 2026,'sustainable boots' = 0 throughout (below measurable threshold)
2026-02-01,0,40,3,50,GB,5-year weekly,Google Trends via pytrends,"https://trends.google.com/trends/explore?q=sustainable+boots,hiking+boots,waterproof+boots,vegan+boots&geo=GB&date=today+5-y",29 Jun 2026,'sustainable boots' = 0 throughout (below measurable threshold)
2026-02-08,0,58,4,72,GB,5-year weekly,Google Trends via pytrends,"https://trends.google.com/trends/explore?q=sustainable+boots,hiking+boots,waterproof+boots,vegan+boots&geo=GB&date=today+5-y",29 Jun 2026,'sustainable boots' = 0 throughout (below measurable threshold)
2026-02-15,1,93,5,100,GB,5-year weekly,Google Trends via pytrends,"https://trends.google.com/trends/explore?q=sustainable+boots,hiking+boots,waterproof+boots,vegan+boots&geo=GB&date=today+5-y",29 Jun 2026,'sustainable boots' = 0 throughout (below measurable threshold)
2026-02-22,0,76,3,78,GB,5-year weekly,Google Trends via pytrends,"https://trends.google.com/trends/explore?q=sustainable+boots,hiking+boots,waterproof+boots,vegan+boots&geo=GB&date=today+5-y",29 Jun 2026,'sustainable boots' = 0 throughout (below measurable threshold)
2026-03-01,0,30,3,25,GB,5-year weekly,Google Trends via pytrends,"https://trends.google.com/trends/explore?q=sustainable+boots,hiking+boots,waterproof+boots,vegan+boots&geo=GB&date=today+5-y",29 Jun 2026,'sustainable boots' = 0 throughout (below measurable threshold)
2026-03-08,0,30,3,26,GB,5-year weekly,Google Trends via pytrends,"https://trends.google.com/trends/explore?q=sustainable+boots,hiking+boots,waterproof+boots,vegan+boots&geo=GB&date=today+5-y",29 Jun 2026,'sustainable boots' = 0 throughout (below measurable threshold)
2026-03-15,0,28,2,23,GB,5-year weekly,Google Trends via pytrends,"https://trends.google.com/trends/explore?q=sustainable+boots,hiking+boots,waterproof+boots,vegan+boots&geo=GB&date=today+5-y",29 Jun 2026,'sustainable boots' = 0 throughout (below measurable threshold)
2026-03-22,0,28,3,25,GB,5-year weekly,Google Trends via pytrends,"https://trends.google.com/trends/explore?q=sustainable+boots,hiking+boots,waterproof+boots,vegan+boots&geo=GB&date=today+5-y",29 Jun 2026,'sustainable boots' = 0 throughout (below measurable threshold)
2026-03-29,1,30,3,23,GB,5-year weekly,Google Trends via pytrends,"https://trends.google.com/trends/explore?q=sustainable+boots,hiking+boots,waterproof+boots,vegan+boots&geo=GB&date=today+5-y",29 Jun 2026,'sustainable boots' = 0 throughout (below measurable threshold)
2026-04-05,0,28,2,19,GB,5-year weekly,Google Trends via pytrends,"https://trends.google.com/trends/explore?q=sustainable+boots,hiking+boots,waterproof+boots,vegan+boots&geo=GB&date=today+5-y",29 Jun 2026,'sustainable boots' = 0 throughout (below measurable threshold)
2026-04-12,0,25,3,22,GB,5-year weekly,Google Trends via pytrends,"https://trends.google.com/trends/explore?q=sustainable+boots,hiking+boots,waterproof+boots,vegan+boots&geo=GB&date=today+5-y",29 Jun 2026,'sustainable boots' = 0 throughout (below measurable threshold)
2026-04-19,1,25,2,18,GB,5-year weekly,Google Trends via pytrends,"https://trends.google.com/trends/explore?q=sustainable+boots,hiking+boots,waterproof+boots,vegan+boots&geo=GB&date=today+5-y",29 Jun 2026,'sustainable boots' = 0 throughout (below measurable threshold)
2026-04-26,0,26,3,17,GB,5-year weekly,Google Trends via pytrends,"https://trends.google.com/trends/explore?q=sustainable+boots,hiking+boots,waterproof+boots,vegan+boots&geo=GB&date=today+5-y",29 Jun 2026,'sustainable boots' = 0 throughout (below measurable threshold)
2026-05-03,0,26,3,19,GB,5-year weekly,Google Trends via pytrends,"https://trends.google.com/trends/explore?q=sustainable+boots,hiking+boots,waterproof+boots,vegan+boots&geo=GB&date=today+5-y",29 Jun 2026,'sustainable boots' = 0 throughout (below measurable threshold)
2026-05-10,0,27,2,21,GB,5-year weekly,Google Trends via pytrends,"https://trends.google.com/trends/explore?q=sustainable+boots,hiking+boots,waterproof+boots,vegan+boots&geo=GB&date=today+5-y",29 Jun 2026,'sustainable boots' = 0 throughout (below measurable threshold)
2026-05-17,0,26,3,20,GB,5-year weekly,Google Trends via pytrends,"https://trends.google.com/trends/explore?q=sustainable+boots,hiking+boots,waterproof+boots,vegan+boots&geo=GB&date=today+5-y",29 Jun 2026,'sustainable boots' = 0 throughout (below measurable threshold)
2026-05-24,0,22,3,15,GB,5-year weekly,Google Trends via pytrends,"https://trends.google.com/trends/explore?q=sustainable+boots,hiking+boots,waterproof+boots,vegan+boots&geo=GB&date=today+5-y",29 Jun 2026,'sustainable boots' = 0 throughout (below measurable threshold)
2026-05-31,0,25,3,22,GB,5-year weekly,Google Trends via pytrends,"https://trends.google.com/trends/explore?q=sustainable+boots,hiking+boots,waterproof+boots,vegan+boots&geo=GB&date=today+5-y",29 Jun 2026,'sustainable boots' = 0 throughout (below measurable threshold)
2026-06-07,0,22,3,24,GB,5-year weekly,Google Trends via pytrends,"https://trends.google.com/trends/explore?q=sustainable+boots,hiking+boots,waterproof+boots,vegan+boots&geo=GB&date=today+5-y",29 Jun 2026,'sustainable boots' = 0 throughout (below measurable threshold)
2026-06-14,0,19,2,14,GB,5-year weekly,Google Trends via pytrends,"https://trends.google.com/trends/explore?q=sustainable+boots,hiking+boots,waterproof+boots,vegan+boots&geo=GB&date=today+5-y",29 Jun 2026,'sustainable boots' = 0 throughout (below measurable threshold)
2026-06-21,0,17,2,12,GB,5-year weekly,Google Trends via pytrends,"https://trends.google.com/trends/explore?q=sustainable+boots,hiking+boots,waterproof+boots,vegan+boots&geo=GB&date=today+5-y",29 Jun 2026,'sustainable boots' = 0 throughout (below measurable threshold)
2026-06-28,0,18,2,12,GB,5-year weekly,Google Trends via pytrends,"https://trends.google.com/trends/explore?q=sustainable+boots,hiking+boots,waterproof+boots,vegan+boots&geo=GB&date=today+5-y",29 Jun 2026,'sustainable boots' = 0 throughout (below measurable threshold)
